filename,duration,status,thread_info
../input_images/cheese_plate/44764.jpg,0.025794029235839844,Success,PID: 3204 | TID: 8758821184
../input_images/cheese_plate/10057.jpg,0.01335287094116211,Success,PID: 3204 | TID: 8758821184
../input_images/cheese_plate/23703.jpg,0.014062881469726562,Success,PID: 3204 | TID: 8758821184
../input_images/cheese_plate/15716.jpg,0.012545108795166016,Success,PID: 3204 | TID: 8758821184
../input_images/cheese_plate/51154.jpg,0.013125181198120117,Success,PID: 3204 | TID: 8758821184
../input_images/cheese_plate/15676.jpg,0.011813879013061523,Success,PID: 3204 | TID: 8758821184
../input_images/cheese_plate/43009.jpg,0.010953903198242188,Success,PID: 3204 | TID: 8758821184
../input_images/cheese_plate/32541.jpg,0.013872861862182617,Success,PID: 3204 | TID: 8758821184
../input_images/cheese_plate/34800.jpg,0.009809732437133789,Success,PID: 3204 | TID: 8758821184
../input_images/cheese_plate/102849.jpg,0.014062881469726562,Success,PID: 3204 | TID: 8758821184
../input_images/cheese_plate/33559.jpg,0.0133819580078125,Success,PID: 3204 | TID: 8758821184
../input_images/cheese_plate/78002.jpg,0.013724803924560547,Success,PID: 3204 | TID: 8758821184
../input_images/cheese_plate/101176.jpg,0.01324319839477539,Success,PID: 3204 | TID: 8758821184
../input_images/cheese_plate/20251.jpg,0.01238393783569336,Success,PID: 3204 | TID: 8758821184
../input_images/cheese_plate/33763.jpg,0.012386083602905273,Success,PID: 3204 | TID: 8758821184
../input_images/cheese_plate/101161.jpg,0.013323068618774414,Success,PID: 3204 | TID: 8758821184
../input_images/cheese_plate/60460.jpg,0.012914896011352539,Success,PID: 3204 | TID: 8758821184
../input_images/cheese_plate/71004.jpg,0.013112068176269531,Success,PID: 3204 | TID: 8758821184
../input_images/cheese_plate/34175.jpg,0.012768983840942383,Success,PID: 3204 | TID: 8758821184
../input_images/cheese_plate/81451.jpg,0.012805938720703125,Success,PID: 3204 | TID: 8758821184
../input_images/cheese_plate/25324.jpg,0.01279306411743164,Success,PID: 3204 | TID: 8758821184
../input_images/cheese_plate/88850.jpg,0.01285409927368164,Success,PID: 3204 | TID: 8758821184
../input_images/cheese_plate/109241.jpg,0.013705015182495117,Success,PID: 3204 | TID: 8758821184
../input_images/cheese_plate/83860.jpg,0.013385772705078125,Success,PID: 3204 | TID: 8758821184
../input_images/cheese_plate/82000.jpg,0.012475967407226562,Success,PID: 3204 | TID: 8758821184
../input_images/cheese_plate/4656.jpg,0.013457775115966797,Success,PID: 3204 | TID: 8758821184
../input_images/cheese_plate/52235.jpg,0.0117340087890625,Success,PID: 3204 | TID: 8758821184
../input_images/cheese_plate/28610.jpg,0.01292109489440918,Success,PID: 3204 | TID: 8758821184
../input_images/cheese_plate/15208.jpg,0.011950969696044922,Success,PID: 3204 | TID: 8758821184
../input_images/cheese_plate/2219.jpg,0.014989852905273438,Success,PID: 3204 | TID: 8758821184
../input_images/cheese_plate/32919.jpg,0.012547969818115234,Success,PID: 3204 | TID: 8758821184
../input_images/cheese_plate/70257.jpg,0.012318134307861328,Success,PID: 3204 | TID: 8758821184
../input_images/cheese_plate/75104.jpg,0.013139963150024414,Success,PID: 3204 | TID: 8758821184
../input_images/cheese_plate/111794.jpg,0.010368108749389648,Success,PID: 3204 | TID: 8758821184
../input_images/cheese_plate/42903.jpg,0.012690067291259766,Success,PID: 3204 | TID: 8758821184
../input_images/cheese_plate/81579.jpg,0.01244211196899414,Success,PID: 3204 | TID: 8758821184
../input_images/cheese_plate/98941.jpg,0.009022951126098633,Success,PID: 3204 | TID: 8758821184
../input_images/cheese_plate/100370.jpg,0.012782096862792969,Success,PID: 3204 | TID: 8758821184
../input_images/cheese_plate/33684.jpg,0.013882160186767578,Success,PID: 3204 | TID: 8758821184
../input_images/cheese_plate/42901.jpg,0.01207280158996582,Success,PID: 3204 | TID: 8758821184
../input_images/cheese_plate/75029.jpg,0.012086868286132812,Success,PID: 3204 | TID: 8758821184
../input_images/cheese_plate/82884.jpg,0.011742115020751953,Success,PID: 3204 | TID: 8758821184
../input_images/cheese_plate/71673.jpg,0.012285947799682617,Success,PID: 3204 | TID: 8758821184
../input_images/cheese_plate/67628.jpg,0.012344121932983398,Success,PID: 3204 | TID: 8758821184
../input_images/cheese_plate/12089.jpg,0.012958049774169922,Success,PID: 3204 | TID: 8758821184
../input_images/cheese_plate/89108.jpg,0.012336015701293945,Success,PID: 3204 | TID: 8758821184
../input_images/cheese_plate/55739.jpg,0.013286828994750977,Success,PID: 3204 | TID: 8758821184
../input_images/cheese_plate/64533.jpg,0.012869119644165039,Success,PID: 3204 | TID: 8758821184
../input_images/cheese_plate/17721.jpg,0.013459920883178711,Success,PID: 3204 | TID: 8758821184
../input_images/cheese_plate/33708.jpg,0.013294219970703125,Success,PID: 3204 | TID: 8758821184
../input_images/garlic_bread/262626.jpg,0.012368917465209961,Success,PID: 3204 | TID: 8758821184
../input_images/garlic_bread/199764.jpg,0.012072086334228516,Success,PID: 3204 | TID: 8758821184
../input_images/garlic_bread/203741.jpg,0.013602018356323242,Success,PID: 3204 | TID: 8758821184
../input_images/garlic_bread/108691.jpg,0.012617111206054688,Success,PID: 3204 | TID: 8758821184
../input_images/garlic_bread/247927.jpg,0.011861324310302734,Success,PID: 3204 | TID: 8758821184
../input_images/garlic_bread/229634.jpg,0.016089916229248047,Success,PID: 3204 | TID: 8758821184
../input_images/garlic_bread/180782.jpg,0.012366056442260742,Success,PID: 3204 | TID: 8758821184
../input_images/garlic_bread/4212.jpg,0.013720989227294922,Success,PID: 3204 | TID: 8758821184
../input_images/garlic_bread/41234.jpg,0.014170169830322266,Success,PID: 3204 | TID: 8758821184
../input_images/garlic_bread/209608.jpg,0.012404918670654297,Success,PID: 3204 | TID: 8758821184
../input_images/garlic_bread/231627.jpg,0.014991044998168945,Success,PID: 3204 | TID: 8758821184
../input_images/garlic_bread/164517.jpg,0.014372825622558594,Success,PID: 3204 | TID: 8758821184
../input_images/garlic_bread/95606.jpg,0.015002012252807617,Success,PID: 3204 | TID: 8758821184
../input_images/garlic_bread/134443.jpg,0.012752771377563477,Success,PID: 3204 | TID: 8758821184
../input_images/garlic_bread/100478.jpg,0.013707160949707031,Success,PID: 3204 | TID: 8758821184
../input_images/garlic_bread/129015.jpg,0.013025045394897461,Success,PID: 3204 | TID: 8758821184
../input_images/garlic_bread/72688.jpg,0.013031959533691406,Success,PID: 3204 | TID: 8758821184
../input_images/garlic_bread/238360.jpg,0.012996196746826172,Success,PID: 3204 | TID: 8758821184
../input_images/garlic_bread/243052.jpg,0.013830900192260742,Success,PID: 3204 | TID: 8758821184
../input_images/garlic_bread/71366.jpg,0.013123750686645508,Success,PID: 3204 | TID: 8758821184
../input_images/garlic_bread/133323.jpg,0.013217926025390625,Success,PID: 3204 | TID: 8758821184
../input_images/garlic_bread/124105.jpg,0.013090133666992188,Success,PID: 3204 | TID: 8758821184
../input_images/garlic_bread/219956.jpg,0.013285160064697266,Success,PID: 3204 | TID: 8758821184
../input_images/garlic_bread/77925.jpg,0.01296091079711914,Success,PID: 3204 | TID: 8758821184
../input_images/garlic_bread/218445.jpg,0.012822866439819336,Success,PID: 3204 | TID: 8758821184
../input_images/garlic_bread/115053.jpg,0.015919208526611328,Success,PID: 3204 | TID: 8758821184
../input_images/garlic_bread/23036.jpg,0.015829801559448242,Success,PID: 3204 | TID: 8758821184
../input_images/garlic_bread/205405.jpg,0.013276815414428711,Success,PID: 3204 | TID: 8758821184
../input_images/garlic_bread/202829.jpg,0.012473821640014648,Success,PID: 3204 | TID: 8758821184
../input_images/garlic_bread/54491.jpg,0.01304483413696289,Success,PID: 3204 | TID: 8758821184
../input_images/garlic_bread/197479.jpg,0.013103961944580078,Success,PID: 3204 | TID: 8758821184
../input_images/garlic_bread/210828.jpg,0.01314091682434082,Success,PID: 3204 | TID: 8758821184
../input_images/garlic_bread/39079.jpg,0.012628316879272461,Success,PID: 3204 | TID: 8758821184
../input_images/garlic_bread/149717.jpg,0.012680768966674805,Success,PID: 3204 | TID: 8758821184
../input_images/garlic_bread/32925.jpg,0.012591123580932617,Success,PID: 3204 | TID: 8758821184
../input_images/garlic_bread/248936.jpg,0.012282133102416992,Success,PID: 3204 | TID: 8758821184
../input_images/garlic_bread/144781.jpg,0.014352083206176758,Success,PID: 3204 | TID: 8758821184
../input_images/garlic_bread/183859.jpg,0.022706031799316406,Success,PID: 3204 | TID: 8758821184
../input_images/garlic_bread/186277.jpg,0.019201040267944336,Success,PID: 3204 | TID: 8758821184
../input_images/garlic_bread/169312.jpg,0.021292924880981445,Success,PID: 3204 | TID: 8758821184
../input_images/garlic_bread/229201.jpg,0.01747417449951172,Success,PID: 3204 | TID: 8758821184
../input_images/garlic_bread/144737.jpg,0.02172994613647461,Success,PID: 3204 | TID: 8758821184
../input_images/garlic_bread/34878.jpg,0.016300201416015625,Success,PID: 3204 | TID: 8758821184
../input_images/garlic_bread/92932.jpg,0.02396702766418457,Success,PID: 3204 | TID: 8758821184
../input_images/garlic_bread/191123.jpg,0.012438058853149414,Success,PID: 3204 | TID: 8758821184
../input_images/garlic_bread/168786.jpg,0.012742996215820312,Success,PID: 3204 | TID: 8758821184
../input_images/garlic_bread/112176.jpg,0.012595891952514648,Success,PID: 3204 | TID: 8758821184
../input_images/garlic_bread/122260.jpg,0.017199993133544922,Success,PID: 3204 | TID: 8758821184
../input_images/garlic_bread/187811.jpg,0.012611150741577148,Success,PID: 3204 | TID: 8758821184
../input_images/garlic_bread/125056.jpg,0.013231039047241211,Success,PID: 3204 | TID: 8758821184
../input_images/ice_cream/85514.jpg,0.012814760208129883,Success,PID: 3204 | TID: 8758821184
../input_images/ice_cream/172466.jpg,0.012339353561401367,Success,PID: 3204 | TID: 8758821184
../input_images/ice_cream/118126.jpg,0.0140380859375,Success,PID: 3204 | TID: 8758821184
../input_images/ice_cream/128556.jpg,0.012722969055175781,Success,PID: 3204 | TID: 8758821184
../input_images/ice_cream/38337.jpg,0.011929988861083984,Success,PID: 3204 | TID: 8758821184
../input_images/ice_cream/130441.jpg,0.013570070266723633,Success,PID: 3204 | TID: 8758821184
../input_images/ice_cream/155035.jpg,0.012248039245605469,Success,PID: 3204 | TID: 8758821184
../input_images/ice_cream/143864.jpg,0.012372970581054688,Success,PID: 3204 | TID: 8758821184
../input_images/ice_cream/137699.jpg,0.013241767883300781,Success,PID: 3204 | TID: 8758821184
../input_images/ice_cream/130043.jpg,0.012487173080444336,Success,PID: 3204 | TID: 8758821184
../input_images/ice_cream/102595.jpg,0.012483835220336914,Success,PID: 3204 | TID: 8758821184
../input_images/ice_cream/59144.jpg,0.013434171676635742,Success,PID: 3204 | TID: 8758821184
../input_images/ice_cream/97166.jpg,0.012636899948120117,Success,PID: 3204 | TID: 8758821184
../input_images/ice_cream/144799.jpg,0.011883974075317383,Success,PID: 3204 | TID: 8758821184
../input_images/ice_cream/23601.jpg,0.01211690902709961,Success,PID: 3204 | TID: 8758821184
../input_images/ice_cream/116769.jpg,0.012336969375610352,Success,PID: 3204 | TID: 8758821184
../input_images/ice_cream/48073.jpg,0.011347293853759766,Success,PID: 3204 | TID: 8758821184
../input_images/ice_cream/14484.jpg,0.012854814529418945,Success,PID: 3204 | TID: 8758821184
../input_images/ice_cream/164659.jpg,0.012358903884887695,Success,PID: 3204 | TID: 8758821184
../input_images/ice_cream/90167.jpg,0.01251220703125,Success,PID: 3204 | TID: 8758821184
../input_images/ice_cream/15420.jpg,0.019063949584960938,Success,PID: 3204 | TID: 8758821184
../input_images/ice_cream/89027.jpg,0.012326240539550781,Success,PID: 3204 | TID: 8758821184
../input_images/ice_cream/121650.jpg,0.011954069137573242,Success,PID: 3204 | TID: 8758821184
../input_images/ice_cream/137146.jpg,0.012497186660766602,Success,PID: 3204 | TID: 8758821184
../input_images/ice_cream/45200.jpg,0.011471033096313477,Success,PID: 3204 | TID: 8758821184
../input_images/ice_cream/157314.jpg,0.012179851531982422,Success,PID: 3204 | TID: 8758821184
../input_images/ice_cream/55601.jpg,0.012711763381958008,Success,PID: 3204 | TID: 8758821184
../input_images/ice_cream/96935.jpg,0.012195825576782227,Success,PID: 3204 | TID: 8758821184
../input_images/ice_cream/5762.jpg,0.013185977935791016,Success,PID: 3204 | TID: 8758821184
../input_images/ice_cream/154008.jpg,0.013171911239624023,Success,PID: 3204 | TID: 8758821184
../input_images/ice_cream/44859.jpg,0.010801315307617188,Success,PID: 3204 | TID: 8758821184
../input_images/ice_cream/178326.jpg,0.012639999389648438,Success,PID: 3204 | TID: 8758821184
../input_images/ice_cream/162418.jpg,0.012175798416137695,Success,PID: 3204 | TID: 8758821184
../input_images/ice_cream/1164.jpg,0.011671781539916992,Success,PID: 3204 | TID: 8758821184
../input_images/ice_cream/166751.jpg,0.011977910995483398,Success,PID: 3204 | TID: 8758821184
../input_images/ice_cream/25026.jpg,0.01291799545288086,Success,PID: 3204 | TID: 8758821184
../input_images/ice_cream/33485.jpg,0.012555122375488281,Success,PID: 3204 | TID: 8758821184
../input_images/ice_cream/120472.jpg,0.012703180313110352,Success,PID: 3204 | TID: 8758821184
../input_images/ice_cream/138570.jpg,0.011944055557250977,Success,PID: 3204 | TID: 8758821184
../input_images/ice_cream/101858.jpg,0.012598752975463867,Success,PID: 3204 | TID: 8758821184
../input_images/ice_cream/69414.jpg,0.011377096176147461,Success,PID: 3204 | TID: 8758821184
../input_images/ice_cream/63878.jpg,0.01270914077758789,Success,PID: 3204 | TID: 8758821184
../input_images/ice_cream/104465.jpg,0.012109994888305664,Success,PID: 3204 | TID: 8758821184
../input_images/ice_cream/19487.jpg,0.013202190399169922,Success,PID: 3204 | TID: 8758821184
../input_images/ice_cream/47909.jpg,0.018157958984375,Success,PID: 3204 | TID: 8758821184
../input_images/ice_cream/71511.jpg,0.012494087219238281,Success,PID: 3204 | TID: 8758821184
../input_images/ice_cream/45059.jpg,0.012578964233398438,Success,PID: 3204 | TID: 8758821184
../input_images/ice_cream/128955.jpg,0.013065099716186523,Success,PID: 3204 | TID: 8758821184
../input_images/ice_cream/128941.jpg,0.012408018112182617,Success,PID: 3204 | TID: 8758821184
../input_images/ice_cream/20777.jpg,0.012603759765625,Success,PID: 3204 | TID: 8758821184
../input_images/tuna_tartare/24053.jpg,0.012432098388671875,Success,PID: 3204 | TID: 8758821184
../input_images/tuna_tartare/92525.jpg,0.01231527328491211,Success,PID: 3204 | TID: 8758821184
../input_images/tuna_tartare/33658.jpg,0.012003898620605469,Success,PID: 3204 | TID: 8758821184
../input_images/tuna_tartare/43750.jpg,0.012221813201904297,Success,PID: 3204 | TID: 8758821184
../input_images/tuna_tartare/154702.jpg,0.012881040573120117,Success,PID: 3204 | TID: 8758821184
../input_images/tuna_tartare/54399.jpg,0.012206077575683594,Success,PID: 3204 | TID: 8758821184
../input_images/tuna_tartare/34487.jpg,0.012586116790771484,Success,PID: 3204 | TID: 8758821184
../input_images/tuna_tartare/36290.jpg,0.010933160781860352,Success,PID: 3204 | TID: 8758821184
../input_images/tuna_tartare/36051.jpg,0.012569904327392578,Success,PID: 3204 | TID: 8758821184
../input_images/tuna_tartare/152831.jpg,0.012363910675048828,Success,PID: 3204 | TID: 8758821184
../input_images/tuna_tartare/91163.jpg,0.013046026229858398,Success,PID: 3204 | TID: 8758821184
../input_images/tuna_tartare/75795.jpg,0.01253819465637207,Success,PID: 3204 | TID: 8758821184
../input_images/tuna_tartare/33065.jpg,0.012711048126220703,Success,PID: 3204 | TID: 8758821184
../input_images/tuna_tartare/53579.jpg,0.014384031295776367,Success,PID: 3204 | TID: 8758821184
../input_images/tuna_tartare/51230.jpg,0.013875007629394531,Success,PID: 3204 | TID: 8758821184
../input_images/tuna_tartare/70228.jpg,0.014895915985107422,Success,PID: 3204 | TID: 8758821184
../input_images/tuna_tartare/147625.jpg,0.012325763702392578,Success,PID: 3204 | TID: 8758821184
../input_images/tuna_tartare/145813.jpg,0.01244807243347168,Success,PID: 3204 | TID: 8758821184
../input_images/tuna_tartare/146831.jpg,0.011281251907348633,Success,PID: 3204 | TID: 8758821184
../input_images/tuna_tartare/102915.jpg,0.012835025787353516,Success,PID: 3204 | TID: 8758821184
../input_images/tuna_tartare/42175.jpg,0.010408878326416016,Success,PID: 3204 | TID: 8758821184
../input_images/tuna_tartare/101560.jpg,0.012441158294677734,Success,PID: 3204 | TID: 8758821184
../input_images/tuna_tartare/108552.jpg,0.012670040130615234,Success,PID: 3204 | TID: 8758821184
../input_images/tuna_tartare/53907.jpg,0.012573003768920898,Success,PID: 3204 | TID: 8758821184
../input_images/tuna_tartare/90780.jpg,0.012660980224609375,Success,PID: 3204 | TID: 8758821184
../input_images/tuna_tartare/145862.jpg,0.012936830520629883,Success,PID: 3204 | TID: 8758821184
../input_images/tuna_tartare/3519.jpg,0.011317968368530273,Success,PID: 3204 | TID: 8758821184
../input_images/tuna_tartare/99979.jpg,0.011995077133178711,Success,PID: 3204 | TID: 8758821184
../input_images/tuna_tartare/73581.jpg,0.013096094131469727,Success,PID: 3204 | TID: 8758821184
../input_images/tuna_tartare/62315.jpg,0.012595176696777344,Success,PID: 3204 | TID: 8758821184
../input_images/tuna_tartare/41718.jpg,0.01252293586730957,Success,PID: 3204 | TID: 8758821184
../input_images/tuna_tartare/11517.jpg,0.012181997299194336,Success,PID: 3204 | TID: 8758821184
../input_images/tuna_tartare/38202.jpg,0.01477193832397461,Success,PID: 3204 | TID: 8758821184
../input_images/tuna_tartare/115871.jpg,0.015294075012207031,Success,PID: 3204 | TID: 8758821184
../input_images/tuna_tartare/118399.jpg,0.012688159942626953,Success,PID: 3204 | TID: 8758821184
../input_images/tuna_tartare/61957.jpg,0.013213157653808594,Success,PID: 3204 | TID: 8758821184
../input_images/tuna_tartare/92149.jpg,0.012420892715454102,Success,PID: 3204 | TID: 8758821184
../input_images/tuna_tartare/101595.jpg,0.011668920516967773,Success,PID: 3204 | TID: 8758821184
../input_images/tuna_tartare/74620.jpg,0.015804290771484375,Success,PID: 3204 | TID: 8758821184
../input_images/tuna_tartare/108172.jpg,0.012324810028076172,Success,PID: 3204 | TID: 8758821184
../input_images/tuna_tartare/17806.jpg,0.012443780899047852,Success,PID: 3204 | TID: 8758821184
../input_images/tuna_tartare/24955.jpg,0.013161897659301758,Success,PID: 3204 | TID: 8758821184
../input_images/tuna_tartare/147706.jpg,0.009623050689697266,Success,PID: 3204 | TID: 8758821184
../input_images/tuna_tartare/19801.jpg,0.01271510124206543,Success,PID: 3204 | TID: 8758821184
../input_images/tuna_tartare/75677.jpg,0.010807037353515625,Success,PID: 3204 | TID: 8758821184
../input_images/tuna_tartare/20924.jpg,0.013289213180541992,Success,PID: 3204 | TID: 8758821184
../input_images/tuna_tartare/145214.jpg,0.012737035751342773,Success,PID: 3204 | TID: 8758821184
../input_images/tuna_tartare/142959.jpg,0.012560129165649414,Success,PID: 3204 | TID: 8758821184
../input_images/tuna_tartare/99695.jpg,0.012894868850708008,Success,PID: 3204 | TID: 8758821184
../input_images/tuna_tartare/145826.jpg,0.012430191040039062,Success,PID: 3204 | TID: 8758821184
../input_images/waffles/314148.jpg,0.012781143188476562,Success,PID: 3204 | TID: 8758821184
../input_images/waffles/6603.jpg,0.014271974563598633,Success,PID: 3204 | TID: 8758821184
../input_images/waffles/55093.jpg,0.011710882186889648,Success,PID: 3204 | TID: 8758821184
../input_images/waffles/70789.jpg,0.012578248977661133,Success,PID: 3204 | TID: 8758821184
../input_images/waffles/312739.jpg,0.014358043670654297,Success,PID: 3204 | TID: 8758821184
../input_images/waffles/96181.jpg,0.012892961502075195,Success,PID: 3204 | TID: 8758821184
../input_images/waffles/57325.jpg,0.012157917022705078,Success,PID: 3204 | TID: 8758821184
../input_images/waffles/82242.jpg,0.014287948608398438,Success,PID: 3204 | TID: 8758821184
../input_images/waffles/20378.jpg,0.012670278549194336,Success,PID: 3204 | TID: 8758821184
../input_images/waffles/87930.jpg,0.012424945831298828,Success,PID: 3204 | TID: 8758821184
../input_images/waffles/31831.jpg,0.012809991836547852,Success,PID: 3204 | TID: 8758821184
../input_images/waffles/78000.jpg,0.013585329055786133,Success,PID: 3204 | TID: 8758821184
../input_images/waffles/43069.jpg,0.012063026428222656,Success,PID: 3204 | TID: 8758821184
../input_images/waffles/6312.jpg,0.013269186019897461,Success,PID: 3204 | TID: 8758821184
../input_images/waffles/11088.jpg,0.01326298713684082,Success,PID: 3204 | TID: 8758821184
../input_images/waffles/30536.jpg,0.012814998626708984,Success,PID: 3204 | TID: 8758821184
../input_images/waffles/28437.jpg,0.012913942337036133,Success,PID: 3204 | TID: 8758821184
../input_images/waffles/76239.jpg,0.012447357177734375,Success,PID: 3204 | TID: 8758821184
../input_images/waffles/35506.jpg,0.012154817581176758,Success,PID: 3204 | TID: 8758821184
../input_images/waffles/29488.jpg,0.012749910354614258,Success,PID: 3204 | TID: 8758821184
../input_images/waffles/97015.jpg,0.012664079666137695,Success,PID: 3204 | TID: 8758821184
../input_images/waffles/71341.jpg,0.012931108474731445,Success,PID: 3204 | TID: 8758821184
../input_images/waffles/57352.jpg,0.013026952743530273,Success,PID: 3204 | TID: 8758821184
../input_images/waffles/29115 4.43.46 PM.jpg,0.013715982437133789,Success,PID: 3204 | TID: 8758821184
../input_images/waffles/97567.jpg,0.013195991516113281,Success,PID: 3204 | TID: 8758821184
../input_images/waffles/97524 copy.jpg,0.014208078384399414,Success,PID: 3204 | TID: 8758821184
../input_images/waffles/88648.jpg,0.012357234954833984,Success,PID: 3204 | TID: 8758821184
../input_images/waffles/44343 4.43.46 PM.jpg,0.012741327285766602,Success,PID: 3204 | TID: 8758821184
../input_images/waffles/38216.jpg,0.011773824691772461,Success,PID: 3204 | TID: 8758821184
../input_images/waffles/3539.jpg,0.011693000793457031,Success,PID: 3204 | TID: 8758821184
../input_images/waffles/315203.jpg,0.012726068496704102,Success,PID: 3204 | TID: 8758821184
../input_images/waffles/60308.jpg,0.012620210647583008,Success,PID: 3204 | TID: 8758821184
../input_images/waffles/1702.jpg,0.013630867004394531,Success,PID: 3204 | TID: 8758821184
../input_images/waffles/29126.jpg,0.012806177139282227,Success,PID: 3204 | TID: 8758821184
../input_images/waffles/55947.jpg,0.012291193008422852,Success,PID: 3204 | TID: 8758821184
../input_images/waffles/29912.jpg,0.012887001037597656,Success,PID: 3204 | TID: 8758821184
../input_images/waffles/3138.jpg,0.012021064758300781,Success,PID: 3204 | TID: 8758821184
../input_images/waffles/21998.jpg,0.012660980224609375,Success,PID: 3204 | TID: 8758821184
../input_images/waffles/98131 4.43.46 PM.jpg,0.012102127075195312,Success,PID: 3204 | TID: 8758821184
../input_images/waffles/74327 4.43.46 PM.jpg,0.012483835220336914,Success,PID: 3204 | TID: 8758821184
../input_images/waffles/12160.jpg,0.012939929962158203,Success,PID: 3204 | TID: 8758821184
../input_images/waffles/77990.jpg,0.01273488998413086,Success,PID: 3204 | TID: 8758821184
../input_images/waffles/61894.jpg,0.012607097625732422,Success,PID: 3204 | TID: 8758821184
../input_images/waffles/55114.jpg,0.012864112854003906,Success,PID: 3204 | TID: 8758821184
../input_images/waffles/311361.jpg,0.013441801071166992,Success,PID: 3204 | TID: 8758821184
../input_images/waffles/310725.jpg,0.012878179550170898,Success,PID: 3204 | TID: 8758821184
../input_images/waffles/59277.jpg,0.012938976287841797,Success,PID: 3204 | TID: 8758821184
../input_images/waffles/97524.jpg,0.013253211975097656,Success,PID: 3204 | TID: 8758821184
../input_images/waffles/41942.jpg,0.011970996856689453,Success,PID: 3204 | TID: 8758821184
../input_images/waffles/29618.jpg,0.011632919311523438,Success,PID: 3204 | TID: 8758821184
../input_images/poutine/49254.jpg,0.012591838836669922,Success,PID: 3204 | TID: 8758821184
../input_images/poutine/133176.jpg,0.012550115585327148,Success,PID: 3204 | TID: 8758821184
../input_images/poutine/150216.jpg,0.013342857360839844,Success,PID: 3204 | TID: 8758821184
../input_images/poutine/169093.jpg,0.013247013092041016,Success,PID: 3204 | TID: 8758821184
../input_images/poutine/150821.jpg,0.013272762298583984,Success,PID: 3204 | TID: 8758821184
../input_images/poutine/37405.jpg,0.013876914978027344,Success,PID: 3204 | TID: 8758821184
../input_images/poutine/105398.jpg,0.012704133987426758,Success,PID: 3204 | TID: 8758821184
../input_images/poutine/56398.jpg,0.012439966201782227,Success,PID: 3204 | TID: 8758821184
../input_images/poutine/9252.jpg,0.01253509521484375,Success,PID: 3204 | TID: 8758821184
../input_images/poutine/106693.jpg,0.013420820236206055,Success,PID: 3204 | TID: 8758821184
../input_images/poutine/140836.jpg,0.012371063232421875,Success,PID: 3204 | TID: 8758821184
../input_images/poutine/118540.jpg,0.012915849685668945,Success,PID: 3204 | TID: 8758821184
../input_images/poutine/123677.jpg,0.014168977737426758,Success,PID: 3204 | TID: 8758821184
../input_images/poutine/146832.jpg,0.013459205627441406,Success,PID: 3204 | TID: 8758821184
../input_images/poutine/18293.jpg,0.011521100997924805,Success,PID: 3204 | TID: 8758821184
../input_images/poutine/139953.jpg,0.014104127883911133,Success,PID: 3204 | TID: 8758821184
../input_images/poutine/16093.jpg,0.013078689575195312,Success,PID: 3204 | TID: 8758821184
../input_images/poutine/140048.jpg,0.01204371452331543,Success,PID: 3204 | TID: 8758821184
../input_images/poutine/142930.jpg,0.012756109237670898,Success,PID: 3204 | TID: 8758821184
../input_images/poutine/39893.jpg,0.012569904327392578,Success,PID: 3204 | TID: 8758821184
../input_images/poutine/73030.jpg,0.012343883514404297,Success,PID: 3204 | TID: 8758821184
../input_images/poutine/102911.jpg,0.010418891906738281,Success,PID: 3204 | TID: 8758821184
../input_images/poutine/21784.jpg,0.013365983963012695,Success,PID: 3204 | TID: 8758821184
../input_images/poutine/57377.jpg,0.01250004768371582,Success,PID: 3204 | TID: 8758821184
../input_images/poutine/71013.jpg,0.01137995719909668,Success,PID: 3204 | TID: 8758821184
../input_images/poutine/55007.jpg,0.01317596435546875,Success,PID: 3204 | TID: 8758821184
../input_images/poutine/72484.jpg,0.01265406608581543,Success,PID: 3204 | TID: 8758821184
../input_images/poutine/125745.jpg,0.012197256088256836,Success,PID: 3204 | TID: 8758821184
../input_images/poutine/13057.jpg,0.012418746948242188,Success,PID: 3204 | TID: 8758821184
../input_images/poutine/128673.jpg,0.013038873672485352,Success,PID: 3204 | TID: 8758821184
../input_images/poutine/85455.jpg,0.012962818145751953,Success,PID: 3204 | TID: 8758821184
../input_images/poutine/164608.jpg,0.013209819793701172,Success,PID: 3204 | TID: 8758821184
../input_images/poutine/150368.jpg,0.018125057220458984,Success,PID: 3204 | TID: 8758821184
../input_images/poutine/114270.jpg,0.012210845947265625,Success,PID: 3204 | TID: 8758821184
../input_images/poutine/36700.jpg,0.012417078018188477,Success,PID: 3204 | TID: 8758821184
../input_images/poutine/130660.jpg,0.013427019119262695,Success,PID: 3204 | TID: 8758821184
../input_images/poutine/24846.jpg,0.012248039245605469,Success,PID: 3204 | TID: 8758821184
../input_images/poutine/10671.jpg,0.012540817260742188,Success,PID: 3204 | TID: 8758821184
../input_images/poutine/35181.jpg,0.01345205307006836,Success,PID: 3204 | TID: 8758821184
../input_images/poutine/155575.jpg,0.012791872024536133,Success,PID: 3204 | TID: 8758821184
../input_images/poutine/19253.jpg,0.012618064880371094,Success,PID: 3204 | TID: 8758821184
../input_images/poutine/145411.jpg,0.013762712478637695,Success,PID: 3204 | TID: 8758821184
../input_images/poutine/76915.jpg,0.01267385482788086,Success,PID: 3204 | TID: 8758821184
../input_images/poutine/154691.jpg,0.012587785720825195,Success,PID: 3204 | TID: 8758821184
../input_images/poutine/23874.jpg,0.012577056884765625,Success,PID: 3204 | TID: 8758821184
../input_images/poutine/35795.jpg,0.012682914733886719,Success,PID: 3204 | TID: 8758821184
../input_images/poutine/142145.jpg,0.012418270111083984,Success,PID: 3204 | TID: 8758821184
../input_images/poutine/58786.jpg,0.01310420036315918,Success,PID: 3204 | TID: 8758821184
../input_images/poutine/5065.jpg,0.012681961059570312,Success,PID: 3204 | TID: 8758821184
../input_images/poutine/171836.jpg,0.013133764266967773,Success,PID: 3204 | TID: 8758821184
../input_images/beet_salad/116718.jpg,0.012939214706420898,Success,PID: 3204 | TID: 8758821184
../input_images/beet_salad/132686.jpg,0.013242244720458984,Success,PID: 3204 | TID: 8758821184
../input_images/beet_salad/37371.jpg,0.013170003890991211,Success,PID: 3204 | TID: 8758821184
../input_images/beet_salad/149433.jpg,0.012724161148071289,Success,PID: 3204 | TID: 8758821184
../input_images/beet_salad/70952.jpg,0.01278376579284668,Success,PID: 3204 | TID: 8758821184
../input_images/beet_salad/142558.jpg,0.012935876846313477,Success,PID: 3204 | TID: 8758821184
../input_images/beet_salad/128756.jpg,0.012976884841918945,Success,PID: 3204 | TID: 8758821184
../input_images/beet_salad/104294.jpg,0.010905981063842773,Success,PID: 3204 | TID: 8758821184
../input_images/beet_salad/123616.jpg,0.014517068862915039,Success,PID: 3204 | TID: 8758821184
../input_images/beet_salad/158515.jpg,0.015089750289916992,Success,PID: 3204 | TID: 8758821184
../input_images/beet_salad/136192.jpg,0.012882232666015625,Success,PID: 3204 | TID: 8758821184
../input_images/beet_salad/127272.jpg,0.012392044067382812,Success,PID: 3204 | TID: 8758821184
../input_images/beet_salad/21925.jpg,0.015388965606689453,Success,PID: 3204 | TID: 8758821184
../input_images/beet_salad/15302.jpg,0.013644695281982422,Success,PID: 3204 | TID: 8758821184
../input_images/beet_salad/114487.jpg,0.012806177139282227,Success,PID: 3204 | TID: 8758821184
../input_images/beet_salad/120442.jpg,0.012541770935058594,Success,PID: 3204 | TID: 8758821184
../input_images/beet_salad/35947.jpg,0.013098001480102539,Success,PID: 3204 | TID: 8758821184
../input_images/beet_salad/37003.jpg,0.012611865997314453,Success,PID: 3204 | TID: 8758821184
../input_images/beet_salad/140878.jpg,0.013256311416625977,Success,PID: 3204 | TID: 8758821184
../input_images/beet_salad/148028.jpg,0.012637853622436523,Success,PID: 3204 | TID: 8758821184
../input_images/beet_salad/84091.jpg,0.013388872146606445,Success,PID: 3204 | TID: 8758821184
../input_images/beet_salad/80949.jpg,0.01297616958618164,Success,PID: 3204 | TID: 8758821184
../input_images/beet_salad/3685.jpg,0.013299942016601562,Success,PID: 3204 | TID: 8758821184
../input_images/beet_salad/121088.jpg,0.01247406005859375,Success,PID: 3204 | TID: 8758821184
../input_images/beet_salad/9791.jpg,0.011522054672241211,Success,PID: 3204 | TID: 8758821184
../input_images/beet_salad/151397.jpg,0.012592077255249023,Success,PID: 3204 | TID: 8758821184
../input_images/beet_salad/26609.jpg,0.013427972793579102,Success,PID: 3204 | TID: 8758821184
../input_images/beet_salad/153779.jpg,0.012494802474975586,Success,PID: 3204 | TID: 8758821184
../input_images/beet_salad/75494.jpg,0.012246131896972656,Success,PID: 3204 | TID: 8758821184
../input_images/beet_salad/44885.jpg,0.012801170349121094,Success,PID: 3204 | TID: 8758821184
../input_images/beet_salad/17358.jpg,0.014301061630249023,Success,PID: 3204 | TID: 8758821184
../input_images/beet_salad/66574.jpg,0.01283407211303711,Success,PID: 3204 | TID: 8758821184
../input_images/beet_salad/925.jpg,0.01240086555480957,Success,PID: 3204 | TID: 8758821184
../input_images/beet_salad/65703.jpg,0.01324319839477539,Success,PID: 3204 | TID: 8758821184
../input_images/beet_salad/148815.jpg,0.013939857482910156,Success,PID: 3204 | TID: 8758821184
../input_images/beet_salad/90403.jpg,0.013358116149902344,Success,PID: 3204 | TID: 8758821184
../input_images/beet_salad/141749.jpg,0.012872934341430664,Success,PID: 3204 | TID: 8758821184
../input_images/beet_salad/48297.jpg,0.013642072677612305,Success,PID: 3204 | TID: 8758821184
../input_images/beet_salad/149937.jpg,0.012607812881469727,Success,PID: 3204 | TID: 8758821184
../input_images/beet_salad/8508.jpg,0.012987852096557617,Success,PID: 3204 | TID: 8758821184
../input_images/beet_salad/36997.jpg,0.01422119140625,Success,PID: 3204 | TID: 8758821184
../input_images/beet_salad/58733.jpg,0.012360095977783203,Success,PID: 3204 | TID: 8758821184
../input_images/beet_salad/12969.jpg,0.013751029968261719,Success,PID: 3204 | TID: 8758821184
../input_images/beet_salad/77205.jpg,0.014172077178955078,Success,PID: 3204 | TID: 8758821184
../input_images/beet_salad/9505.jpg,0.013072967529296875,Success,PID: 3204 | TID: 8758821184
../input_images/beet_salad/131435.jpg,0.012565851211547852,Success,PID: 3204 | TID: 8758821184
../input_images/beet_salad/53.jpg,0.017708778381347656,Success,PID: 3204 | TID: 8758821184
../input_images/beet_salad/16364.jpg,0.014739274978637695,Success,PID: 3204 | TID: 8758821184
../input_images/beet_salad/48219.jpg,0.013011932373046875,Success,PID: 3204 | TID: 8758821184
../input_images/beet_salad/85874.jpg,0.012598037719726562,Success,PID: 3204 | TID: 8758821184
../input_images/hot_dog/87840.jpg,0.013114213943481445,Success,PID: 3204 | TID: 8758821184
../input_images/hot_dog/26718.jpg,0.012082815170288086,Success,PID: 3204 | TID: 8758821184
../input_images/hot_dog/34679.jpg,0.012573957443237305,Success,PID: 3204 | TID: 8758821184
../input_images/hot_dog/56607.jpg,0.012536048889160156,Success,PID: 3204 | TID: 8758821184
../input_images/hot_dog/41227.jpg,0.013786077499389648,Success,PID: 3204 | TID: 8758821184
../input_images/hot_dog/41226.jpg,0.012967824935913086,Success,PID: 3204 | TID: 8758821184
../input_images/hot_dog/74931.jpg,0.012621164321899414,Success,PID: 3204 | TID: 8758821184
../input_images/hot_dog/84383.jpg,0.012305259704589844,Success,PID: 3204 | TID: 8758821184
../input_images/hot_dog/82094.jpg,0.01276397705078125,Success,PID: 3204 | TID: 8758821184
../input_images/hot_dog/61252.jpg,0.011654138565063477,Success,PID: 3204 | TID: 8758821184
../input_images/hot_dog/67755.jpg,0.012878894805908203,Success,PID: 3204 | TID: 8758821184
../input_images/hot_dog/5079.jpg,0.011986970901489258,Success,PID: 3204 | TID: 8758821184
../input_images/hot_dog/73523.jpg,0.012265920639038086,Success,PID: 3204 | TID: 8758821184
../input_images/hot_dog/55453.jpg,0.013098955154418945,Success,PID: 3204 | TID: 8758821184
../input_images/hot_dog/42339.jpg,0.01306915283203125,Success,PID: 3204 | TID: 8758821184
../input_images/hot_dog/64038.jpg,0.012803077697753906,Success,PID: 3204 | TID: 8758821184
../input_images/hot_dog/90233.jpg,0.01402592658996582,Success,PID: 3204 | TID: 8758821184
../input_images/hot_dog/3690.jpg,0.012221097946166992,Success,PID: 3204 | TID: 8758821184
../input_images/hot_dog/30292.jpg,0.013441801071166992,Success,PID: 3204 | TID: 8758821184
../input_images/hot_dog/14043.jpg,0.012978315353393555,Success,PID: 3204 | TID: 8758821184
../input_images/hot_dog/87603.jpg,0.012517213821411133,Success,PID: 3204 | TID: 8758821184
../input_images/hot_dog/45813.jpg,0.01411890983581543,Success,PID: 3204 | TID: 8758821184
../input_images/hot_dog/51643.jpg,0.012996196746826172,Success,PID: 3204 | TID: 8758821184
../input_images/hot_dog/50617.jpg,0.012225151062011719,Success,PID: 3204 | TID: 8758821184
../input_images/hot_dog/2417.jpg,0.012667179107666016,Success,PID: 3204 | TID: 8758821184
../input_images/hot_dog/51048.jpg,0.01207876205444336,Success,PID: 3204 | TID: 8758821184
../input_images/hot_dog/83440.jpg,0.013253927230834961,Success,PID: 3204 | TID: 8758821184
../input_images/hot_dog/83858.jpg,0.012672901153564453,Success,PID: 3204 | TID: 8758821184
../input_images/hot_dog/70867.jpg,0.013087987899780273,Success,PID: 3204 | TID: 8758821184
../input_images/hot_dog/54269.jpg,0.010850191116333008,Success,PID: 3204 | TID: 8758821184
../input_images/hot_dog/85154.jpg,0.012296915054321289,Success,PID: 3204 | TID: 8758821184
../input_images/hot_dog/13678.jpg,0.012984752655029297,Success,PID: 3204 | TID: 8758821184
../input_images/hot_dog/50782.jpg,0.012733936309814453,Success,PID: 3204 | TID: 8758821184
../input_images/hot_dog/76618.jpg,0.013355016708374023,Success,PID: 3204 | TID: 8758821184
../input_images/hot_dog/39534.jpg,0.017038822174072266,Success,PID: 3204 | TID: 8758821184
../input_images/hot_dog/27044.jpg,0.012536048889160156,Success,PID: 3204 | TID: 8758821184
../input_images/hot_dog/17651.jpg,0.013092994689941406,Success,PID: 3204 | TID: 8758821184
../input_images/hot_dog/76331.jpg,0.012799978256225586,Success,PID: 3204 | TID: 8758821184
../input_images/hot_dog/76904.jpg,0.013087987899780273,Success,PID: 3204 | TID: 8758821184
../input_images/hot_dog/76722.jpg,0.014763116836547852,Success,PID: 3204 | TID: 8758821184
../input_images/hot_dog/10464.jpg,0.012504100799560547,Success,PID: 3204 | TID: 8758821184
../input_images/hot_dog/91220.jpg,0.011508941650390625,Success,PID: 3204 | TID: 8758821184
../input_images/hot_dog/15914.jpg,0.012806892395019531,Success,PID: 3204 | TID: 8758821184
../input_images/hot_dog/79602.jpg,0.013543844223022461,Success,PID: 3204 | TID: 8758821184
../input_images/hot_dog/59263.jpg,0.012669801712036133,Success,PID: 3204 | TID: 8758821184
../input_images/hot_dog/21643.jpg,0.012063980102539062,Success,PID: 3204 | TID: 8758821184
../input_images/hot_dog/47936.jpg,0.013146162033081055,Success,PID: 3204 | TID: 8758821184
../input_images/hot_dog/7896.jpg,0.013042211532592773,Success,PID: 3204 | TID: 8758821184
../input_images/hot_dog/84411.jpg,0.011899948120117188,Success,PID: 3204 | TID: 8758821184
../input_images/hot_dog/54585.jpg,0.01630997657775879,Success,PID: 3204 | TID: 8758821184
../input_images/pad_thai/52660.jpg,0.01292276382446289,Success,PID: 3204 | TID: 8758821184
../input_images/pad_thai/15933.jpg,0.012816905975341797,Success,PID: 3204 | TID: 8758821184
../input_images/pad_thai/94744.jpg,0.013536214828491211,Success,PID: 3204 | TID: 8758821184
../input_images/pad_thai/4770.jpg,0.012608051300048828,Success,PID: 3204 | TID: 8758821184
../input_images/pad_thai/127707.jpg,0.012595891952514648,Success,PID: 3204 | TID: 8758821184
../input_images/pad_thai/108860.jpg,0.010612010955810547,Success,PID: 3204 | TID: 8758821184
../input_images/pad_thai/134342.jpg,0.012830018997192383,Success,PID: 3204 | TID: 8758821184
../input_images/pad_thai/20627.jpg,0.013095855712890625,Success,PID: 3204 | TID: 8758821184
../input_images/pad_thai/54549.jpg,0.013965129852294922,Success,PID: 3204 | TID: 8758821184
../input_images/pad_thai/134346.jpg,0.012691974639892578,Success,PID: 3204 | TID: 8758821184
../input_images/pad_thai/136545.jpg,0.012866973876953125,Success,PID: 3204 | TID: 8758821184
../input_images/pad_thai/78461.jpg,0.012679815292358398,Success,PID: 3204 | TID: 8758821184
../input_images/pad_thai/8984.jpg,0.01392817497253418,Success,PID: 3204 | TID: 8758821184
../input_images/pad_thai/102781.jpg,0.01253199577331543,Success,PID: 3204 | TID: 8758821184
../input_images/pad_thai/20797.jpg,0.011902809143066406,Success,PID: 3204 | TID: 8758821184
../input_images/pad_thai/32556.jpg,0.012453079223632812,Success,PID: 3204 | TID: 8758821184
../input_images/pad_thai/53859.jpg,0.012820959091186523,Success,PID: 3204 | TID: 8758821184
../input_images/pad_thai/73180.jpg,0.012775897979736328,Success,PID: 3204 | TID: 8758821184
../input_images/pad_thai/48274.jpg,0.01835179328918457,Success,PID: 3204 | TID: 8758821184
../input_images/pad_thai/124133.jpg,0.013010025024414062,Success,PID: 3204 | TID: 8758821184
../input_images/pad_thai/28783.jpg,0.012757062911987305,Success,PID: 3204 | TID: 8758821184
../input_images/pad_thai/51734.jpg,0.012953042984008789,Success,PID: 3204 | TID: 8758821184
../input_images/pad_thai/38768.jpg,0.01270294189453125,Success,PID: 3204 | TID: 8758821184
../input_images/pad_thai/41693.jpg,0.012948036193847656,Success,PID: 3204 | TID: 8758821184
../input_images/pad_thai/127951.jpg,0.012163162231445312,Success,PID: 3204 | TID: 8758821184
../input_images/pad_thai/119908.jpg,0.012893915176391602,Success,PID: 3204 | TID: 8758821184
../input_images/pad_thai/123534.jpg,0.01241922378540039,Success,PID: 3204 | TID: 8758821184
../input_images/pad_thai/62326.jpg,0.01273488998413086,Success,PID: 3204 | TID: 8758821184
../input_images/pad_thai/71213.jpg,0.012763023376464844,Success,PID: 3204 | TID: 8758821184
../input_images/pad_thai/94317.jpg,0.013888835906982422,Success,PID: 3204 | TID: 8758821184
../input_images/pad_thai/42609.jpg,0.014095067977905273,Success,PID: 3204 | TID: 8758821184
../input_images/pad_thai/13080.jpg,0.012267112731933594,Success,PID: 3204 | TID: 8758821184
../input_images/pad_thai/33783.jpg,0.012726068496704102,Success,PID: 3204 | TID: 8758821184
../input_images/pad_thai/81331.jpg,0.012601852416992188,Success,PID: 3204 | TID: 8758821184
../input_images/pad_thai/90566.jpg,0.013788223266601562,Success,PID: 3204 | TID: 8758821184
../input_images/pad_thai/61986.jpg,0.012857913970947266,Success,PID: 3204 | TID: 8758821184
../input_images/pad_thai/132373.jpg,0.014788150787353516,Success,PID: 3204 | TID: 8758821184
../input_images/pad_thai/116063.jpg,0.013477325439453125,Success,PID: 3204 | TID: 8758821184
../input_images/pad_thai/58350.jpg,0.012722969055175781,Success,PID: 3204 | TID: 8758821184
../input_images/pad_thai/52480.jpg,0.012830972671508789,Success,PID: 3204 | TID: 8758821184
../input_images/pad_thai/89859.jpg,0.012941122055053711,Success,PID: 3204 | TID: 8758821184
../input_images/pad_thai/1167.jpg,0.012634992599487305,Success,PID: 3204 | TID: 8758821184
../input_images/pad_thai/22777.jpg,0.012690067291259766,Success,PID: 3204 | TID: 8758821184
../input_images/pad_thai/43376.jpg,0.013643026351928711,Success,PID: 3204 | TID: 8758821184
../input_images/pad_thai/48151.jpg,0.013737916946411133,Success,PID: 3204 | TID: 8758821184
../input_images/pad_thai/103483.jpg,0.012515783309936523,Success,PID: 3204 | TID: 8758821184
../input_images/pad_thai/66939.jpg,0.013471364974975586,Success,PID: 3204 | TID: 8758821184
../input_images/pad_thai/6021.jpg,0.013667821884155273,Success,PID: 3204 | TID: 8758821184
../input_images/pad_thai/120502.jpg,0.013090848922729492,Success,PID: 3204 | TID: 8758821184
../input_images/pad_thai/32199.jpg,0.011846303939819336,Success,PID: 3204 | TID: 8758821184
../input_images/tiramisu/193302.jpg,0.011487007141113281,Success,PID: 3204 | TID: 8758821184
../input_images/tiramisu/256970.jpg,0.013297796249389648,Success,PID: 3204 | TID: 8758821184
../input_images/tiramisu/233858.jpg,0.014379024505615234,Success,PID: 3204 | TID: 8758821184
../input_images/tiramisu/175719.jpg,0.01233220100402832,Success,PID: 3204 | TID: 8758821184
../input_images/tiramisu/123563.jpg,0.012837886810302734,Success,PID: 3204 | TID: 8758821184
../input_images/tiramisu/199014.jpg,0.013051033020019531,Success,PID: 3204 | TID: 8758821184
../input_images/tiramisu/80043.jpg,0.013355016708374023,Success,PID: 3204 | TID: 8758821184
../input_images/tiramisu/177938.jpg,0.019999027252197266,Success,PID: 3204 | TID: 8758821184
../input_images/tiramisu/162528.jpg,0.014235973358154297,Success,PID: 3204 | TID: 8758821184
../input_images/tiramisu/103850.jpg,0.015045881271362305,Success,PID: 3204 | TID: 8758821184
../input_images/tiramisu/33703.jpg,0.015315055847167969,Success,PID: 3204 | TID: 8758821184
../input_images/tiramisu/213231.jpg,0.014089822769165039,Success,PID: 3204 | TID: 8758821184
../input_images/tiramisu/23840.jpg,0.012814998626708984,Success,PID: 3204 | TID: 8758821184
../input_images/tiramisu/266040.jpg,0.012678861618041992,Success,PID: 3204 | TID: 8758821184
../input_images/tiramisu/238698.jpg,0.01234292984008789,Success,PID: 3204 | TID: 8758821184
../input_images/tiramisu/222658.jpg,0.01294398307800293,Success,PID: 3204 | TID: 8758821184
../input_images/tiramisu/165391.jpg,0.013078927993774414,Success,PID: 3204 | TID: 8758821184
../input_images/tiramisu/17189.jpg,0.013473987579345703,Success,PID: 3204 | TID: 8758821184
../input_images/tiramisu/217757.jpg,0.013350248336791992,Success,PID: 3204 | TID: 8758821184
../input_images/tiramisu/183429.jpg,0.012356758117675781,Success,PID: 3204 | TID: 8758821184
../input_images/tiramisu/139188.jpg,0.01165318489074707,Success,PID: 3204 | TID: 8758821184
../input_images/tiramisu/274756.jpg,0.01283407211303711,Success,PID: 3204 | TID: 8758821184
../input_images/tiramisu/180323.jpg,0.014132976531982422,Success,PID: 3204 | TID: 8758821184
../input_images/tiramisu/220677.jpg,0.012562036514282227,Success,PID: 3204 | TID: 8758821184
../input_images/tiramisu/245602.jpg,0.011597156524658203,Success,PID: 3204 | TID: 8758821184
../input_images/tiramisu/274545.jpg,0.010184764862060547,Success,PID: 3204 | TID: 8758821184
../input_images/tiramisu/64942.jpg,0.01293182373046875,Success,PID: 3204 | TID: 8758821184
../input_images/tiramisu/273942.jpg,0.01221609115600586,Success,PID: 3204 | TID: 8758821184
../input_images/tiramisu/11272.jpg,0.012885093688964844,Success,PID: 3204 | TID: 8758821184
../input_images/tiramisu/272661.jpg,0.012569189071655273,Success,PID: 3204 | TID: 8758821184
../input_images/tiramisu/82628.jpg,0.012751102447509766,Success,PID: 3204 | TID: 8758821184
../input_images/tiramisu/105485.jpg,0.011883020401000977,Success,PID: 3204 | TID: 8758821184
../input_images/tiramisu/105532.jpg,0.017428874969482422,Success,PID: 3204 | TID: 8758821184
../input_images/tiramisu/2434.jpg,0.012239933013916016,Success,PID: 3204 | TID: 8758821184
../input_images/tiramisu/232335.jpg,0.012070894241333008,Success,PID: 3204 | TID: 8758821184
../input_images/tiramisu/252210.jpg,0.013916015625,Success,PID: 3204 | TID: 8758821184
../input_images/tiramisu/259191.jpg,0.016987085342407227,Success,PID: 3204 | TID: 8758821184
../input_images/tiramisu/206668.jpg,0.012805938720703125,Success,PID: 3204 | TID: 8758821184
../input_images/tiramisu/100504.jpg,0.013730049133300781,Success,PID: 3204 | TID: 8758821184
../input_images/tiramisu/6032.jpg,0.013375282287597656,Success,PID: 3204 | TID: 8758821184
../input_images/tiramisu/163992.jpg,0.012768030166625977,Success,PID: 3204 | TID: 8758821184
../input_images/tiramisu/18038.jpg,0.011680126190185547,Success,PID: 3204 | TID: 8758821184
../input_images/tiramisu/124945.jpg,0.013553142547607422,Success,PID: 3204 | TID: 8758821184
../input_images/tiramisu/62828.jpg,0.01308894157409668,Success,PID: 3204 | TID: 8758821184
../input_images/tiramisu/152790.jpg,0.01322174072265625,Success,PID: 3204 | TID: 8758821184
../input_images/tiramisu/217317.jpg,0.012676239013671875,Success,PID: 3204 | TID: 8758821184
../input_images/tiramisu/96202.jpg,0.013811826705932617,Success,PID: 3204 | TID: 8758821184
../input_images/tiramisu/175106.jpg,0.013691902160644531,Success,PID: 3204 | TID: 8758821184
../input_images/tiramisu/31533.jpg,0.014142274856567383,Success,PID: 3204 | TID: 8758821184
../input_images/tiramisu/2680.jpg,0.013055086135864258,Success,PID: 3204 | TID: 8758821184
../input_images/apple_pie/64846.jpg,0.013375043869018555,Success,PID: 3204 | TID: 8758821184
../input_images/apple_pie/112378.jpg,0.013247013092041016,Success,PID: 3204 | TID: 8758821184
../input_images/apple_pie/21063.jpg,0.012241840362548828,Success,PID: 3204 | TID: 8758821184
../input_images/apple_pie/175848.jpg,0.012518882751464844,Success,PID: 3204 | TID: 8758821184
../input_images/apple_pie/23893.jpg,0.013437032699584961,Success,PID: 3204 | TID: 8758821184
../input_images/apple_pie/229142.jpg,0.013414859771728516,Success,PID: 3204 | TID: 8758821184
../input_images/apple_pie/259923.jpg,0.016375064849853516,Success,PID: 3204 | TID: 8758821184
../input_images/apple_pie/80734.jpg,0.01747584342956543,Success,PID: 3204 | TID: 8758821184
../input_images/apple_pie/85857.jpg,0.011810064315795898,Success,PID: 3204 | TID: 8758821184
../input_images/apple_pie/83981.jpg,0.012085199356079102,Success,PID: 3204 | TID: 8758821184
../input_images/apple_pie/182745.jpg,0.012479066848754883,Success,PID: 3204 | TID: 8758821184
../input_images/apple_pie/98352.jpg,0.013175010681152344,Success,PID: 3204 | TID: 8758821184
../input_images/apple_pie/63651.jpg,0.014308929443359375,Success,PID: 3204 | TID: 8758821184
../input_images/apple_pie/245712.jpg,0.01193094253540039,Success,PID: 3204 | TID: 8758821184
../input_images/apple_pie/238868.jpg,0.013868093490600586,Success,PID: 3204 | TID: 8758821184
../input_images/apple_pie/235537.jpg,0.014167070388793945,Success,PID: 3204 | TID: 8758821184
../input_images/apple_pie/157083.jpg,0.01310586929321289,Success,PID: 3204 | TID: 8758821184
../input_images/apple_pie/110043.jpg,0.012807846069335938,Success,PID: 3204 | TID: 8758821184
../input_images/apple_pie/222074.jpg,0.012873172760009766,Success,PID: 3204 | TID: 8758821184
../input_images/apple_pie/257377.jpg,0.012174844741821289,Success,PID: 3204 | TID: 8758821184
../input_images/apple_pie/118237.jpg,0.01749277114868164,Success,PID: 3204 | TID: 8758821184
../input_images/apple_pie/38795.jpg,0.011551380157470703,Success,PID: 3204 | TID: 8758821184
../input_images/apple_pie/136256.jpg,0.01271510124206543,Success,PID: 3204 | TID: 8758821184
../input_images/apple_pie/134.jpg,0.013599157333374023,Success,PID: 3204 | TID: 8758821184
../input_images/apple_pie/214334.jpg,0.012369155883789062,Success,PID: 3204 | TID: 8758821184
../input_images/apple_pie/224383.jpg,0.013298749923706055,Success,PID: 3204 | TID: 8758821184
../input_images/apple_pie/257378.jpg,0.012668132781982422,Success,PID: 3204 | TID: 8758821184
../input_images/apple_pie/185537.jpg,0.015316963195800781,Success,PID: 3204 | TID: 8758821184
../input_images/apple_pie/103801.jpg,0.012803077697753906,Success,PID: 3204 | TID: 8758821184
../input_images/apple_pie/202741.jpg,0.012893915176391602,Success,PID: 3204 | TID: 8758821184
../input_images/apple_pie/128259.jpg,0.012454032897949219,Success,PID: 3204 | TID: 8758821184
../input_images/apple_pie/98449.jpg,0.012365102767944336,Success,PID: 3204 | TID: 8758821184
../input_images/apple_pie/208041.jpg,0.012863874435424805,Success,PID: 3204 | TID: 8758821184
../input_images/apple_pie/68383.jpg,0.011897802352905273,Success,PID: 3204 | TID: 8758821184
../input_images/apple_pie/195087.jpg,0.013197183609008789,Success,PID: 3204 | TID: 8758821184
../input_images/apple_pie/89035.jpg,0.01225900650024414,Success,PID: 3204 | TID: 8758821184
../input_images/apple_pie/142332.jpg,0.013132095336914062,Success,PID: 3204 | TID: 8758821184
../input_images/apple_pie/99556.jpg,0.012603282928466797,Success,PID: 3204 | TID: 8758821184
../input_images/apple_pie/246113.jpg,0.013437986373901367,Success,PID: 3204 | TID: 8758821184
../input_images/apple_pie/236966.jpg,0.018105030059814453,Success,PID: 3204 | TID: 8758821184
../input_images/apple_pie/123782.jpg,0.012585878372192383,Success,PID: 3204 | TID: 8758821184
../input_images/apple_pie/101251.jpg,0.012801885604858398,Success,PID: 3204 | TID: 8758821184
../input_images/apple_pie/116705.jpg,0.012177705764770508,Success,PID: 3204 | TID: 8758821184
../input_images/apple_pie/205716.jpg,0.012397050857543945,Success,PID: 3204 | TID: 8758821184
../input_images/apple_pie/129668.jpg,0.01205301284790039,Success,PID: 3204 | TID: 8758821184
../input_images/apple_pie/78081.jpg,0.012610673904418945,Success,PID: 3204 | TID: 8758821184
../input_images/apple_pie/250066.jpg,0.014149904251098633,Success,PID: 3204 | TID: 8758821184
../input_images/apple_pie/156078.jpg,0.011785268783569336,Success,PID: 3204 | TID: 8758821184
../input_images/apple_pie/127721.jpg,0.012362003326416016,Success,PID: 3204 | TID: 8758821184
../input_images/apple_pie/67826.jpg,0.012311935424804688,Success,PID: 3204 | TID: 8758821184
../input_images/eggs_benedict/71133.jpg,0.013127803802490234,Success,PID: 3204 | TID: 8758821184
../input_images/eggs_benedict/86034.jpg,0.013255834579467773,Success,PID: 3204 | TID: 8758821184
../input_images/eggs_benedict/27567.jpg,0.012794017791748047,Success,PID: 3204 | TID: 8758821184
../input_images/eggs_benedict/38915.jpg,0.014029979705810547,Success,PID: 3204 | TID: 8758821184
../input_images/eggs_benedict/8349.jpg,0.012497901916503906,Success,PID: 3204 | TID: 8758821184
../input_images/eggs_benedict/7718.jpg,0.012833833694458008,Success,PID: 3204 | TID: 8758821184
../input_images/eggs_benedict/73131.jpg,0.01256418228149414,Success,PID: 3204 | TID: 8758821184
../input_images/eggs_benedict/16805.jpg,0.01316213607788086,Success,PID: 3204 | TID: 8758821184
../input_images/eggs_benedict/12041.jpg,0.012809991836547852,Success,PID: 3204 | TID: 8758821184
../input_images/eggs_benedict/56601.jpg,0.013277053833007812,Success,PID: 3204 | TID: 8758821184
../input_images/eggs_benedict/92864.jpg,0.011786937713623047,Success,PID: 3204 | TID: 8758821184
../input_images/eggs_benedict/95702.jpg,0.013042926788330078,Success,PID: 3204 | TID: 8758821184
../input_images/eggs_benedict/73046.jpg,0.01235508918762207,Success,PID: 3204 | TID: 8758821184
../input_images/eggs_benedict/21700.jpg,0.012768983840942383,Success,PID: 3204 | TID: 8758821184
../input_images/eggs_benedict/106227.jpg,0.012333869934082031,Success,PID: 3204 | TID: 8758821184
../input_images/eggs_benedict/37930.jpg,0.012318849563598633,Success,PID: 3204 | TID: 8758821184
../input_images/eggs_benedict/73143.jpg,0.012402057647705078,Success,PID: 3204 | TID: 8758821184
../input_images/eggs_benedict/59345.jpg,0.012556076049804688,Success,PID: 3204 | TID: 8758821184
../input_images/eggs_benedict/7582.jpg,0.012354850769042969,Success,PID: 3204 | TID: 8758821184
../input_images/eggs_benedict/42189.jpg,0.013354063034057617,Success,PID: 3204 | TID: 8758821184
../input_images/eggs_benedict/111198.jpg,0.010272979736328125,Success,PID: 3204 | TID: 8758821184
../input_images/eggs_benedict/71181.jpg,0.012627840042114258,Success,PID: 3204 | TID: 8758821184
../input_images/eggs_benedict/32093.jpg,0.014719009399414062,Success,PID: 3204 | TID: 8758821184
../input_images/eggs_benedict/43454.jpg,0.013547658920288086,Success,PID: 3204 | TID: 8758821184
../input_images/eggs_benedict/53096.jpg,0.012476205825805664,Success,PID: 3204 | TID: 8758821184
../input_images/eggs_benedict/61439.jpg,0.012202024459838867,Success,PID: 3204 | TID: 8758821184
../input_images/eggs_benedict/44135.jpg,0.012246131896972656,Success,PID: 3204 | TID: 8758821184
../input_images/eggs_benedict/13521.jpg,0.013433218002319336,Success,PID: 3204 | TID: 8758821184
../input_images/eggs_benedict/40345.jpg,0.012775897979736328,Success,PID: 3204 | TID: 8758821184
../input_images/eggs_benedict/36576.jpg,0.012516975402832031,Success,PID: 3204 | TID: 8758821184
../input_images/eggs_benedict/23967.jpg,0.013003110885620117,Success,PID: 3204 | TID: 8758821184
../input_images/eggs_benedict/9428.jpg,0.012890100479125977,Success,PID: 3204 | TID: 8758821184
../input_images/eggs_benedict/106002.jpg,0.013155698776245117,Success,PID: 3204 | TID: 8758821184
../input_images/eggs_benedict/7571.jpg,0.01999807357788086,Success,PID: 3204 | TID: 8758821184
../input_images/eggs_benedict/7177.jpg,0.014902114868164062,Success,PID: 3204 | TID: 8758821184
../input_images/eggs_benedict/94890.jpg,0.012685775756835938,Success,PID: 3204 | TID: 8758821184
../input_images/eggs_benedict/72938.jpg,0.013409852981567383,Success,PID: 3204 | TID: 8758821184
../input_images/eggs_benedict/17684.jpg,0.013535022735595703,Success,PID: 3204 | TID: 8758821184
../input_images/eggs_benedict/64083.jpg,0.012506961822509766,Success,PID: 3204 | TID: 8758821184
../input_images/eggs_benedict/113243.jpg,0.017729997634887695,Success,PID: 3204 | TID: 8758821184
../input_images/eggs_benedict/47464.jpg,0.012901782989501953,Success,PID: 3204 | TID: 8758821184
../input_images/eggs_benedict/9853.jpg,0.012957096099853516,Success,PID: 3204 | TID: 8758821184
../input_images/eggs_benedict/62632.jpg,0.012119770050048828,Success,PID: 3204 | TID: 8758821184
../input_images/eggs_benedict/12882.jpg,0.012794971466064453,Success,PID: 3204 | TID: 8758821184
../input_images/eggs_benedict/48352.jpg,0.011646032333374023,Success,PID: 3204 | TID: 8758821184
../input_images/eggs_benedict/51429.jpg,0.012261152267456055,Success,PID: 3204 | TID: 8758821184
../input_images/eggs_benedict/92306.jpg,0.012525081634521484,Success,PID: 3204 | TID: 8758821184
../input_images/eggs_benedict/98373.jpg,0.00959634780883789,Success,PID: 3204 | TID: 8758821184
../input_images/eggs_benedict/64136.jpg,0.012219905853271484,Success,PID: 3204 | TID: 8758821184
../input_images/eggs_benedict/80930.jpg,0.012143135070800781,Success,PID: 3204 | TID: 8758821184
../input_images/omelette/176.jpg,0.012720108032226562,Success,PID: 3204 | TID: 8758821184
../input_images/omelette/55053.jpg,0.013569831848144531,Success,PID: 3204 | TID: 8758821184
../input_images/omelette/25364.jpg,0.013128280639648438,Success,PID: 3204 | TID: 8758821184
../input_images/omelette/41958.jpg,0.012845754623413086,Success,PID: 3204 | TID: 8758821184
../input_images/omelette/137663.jpg,0.01306295394897461,Success,PID: 3204 | TID: 8758821184
../input_images/omelette/57295.jpg,0.01273488998413086,Success,PID: 3204 | TID: 8758821184
../input_images/omelette/128155.jpg,0.013379096984863281,Success,PID: 3204 | TID: 8758821184
../input_images/omelette/73939.jpg,0.01273202896118164,Success,PID: 3204 | TID: 8758821184
../input_images/omelette/207.jpg,0.012658119201660156,Success,PID: 3204 | TID: 8758821184
../input_images/omelette/152565.jpg,0.013313055038452148,Success,PID: 3204 | TID: 8758821184
../input_images/omelette/27826.jpg,0.01332402229309082,Success,PID: 3204 | TID: 8758821184
../input_images/omelette/39827.jpg,0.012789011001586914,Success,PID: 3204 | TID: 8758821184
../input_images/omelette/67690.jpg,0.012345075607299805,Success,PID: 3204 | TID: 8758821184
../input_images/omelette/127217.jpg,0.012296915054321289,Success,PID: 3204 | TID: 8758821184
../input_images/omelette/29064.jpg,0.01361989974975586,Success,PID: 3204 | TID: 8758821184
../input_images/omelette/94651.jpg,0.01574397087097168,Success,PID: 3204 | TID: 8758821184
../input_images/omelette/60317.jpg,0.012677907943725586,Success,PID: 3204 | TID: 8758821184
../input_images/omelette/64946.jpg,0.012633085250854492,Success,PID: 3204 | TID: 8758821184
../input_images/omelette/54891.jpg,0.012789011001586914,Success,PID: 3204 | TID: 8758821184
../input_images/omelette/6266.jpg,0.012565135955810547,Success,PID: 3204 | TID: 8758821184
../input_images/omelette/107499.jpg,0.01273798942565918,Success,PID: 3204 | TID: 8758821184
../input_images/omelette/122397.jpg,0.014188051223754883,Success,PID: 3204 | TID: 8758821184
../input_images/omelette/92386.jpg,0.012280702590942383,Success,PID: 3204 | TID: 8758821184
../input_images/omelette/28213.jpg,0.013063907623291016,Success,PID: 3204 | TID: 8758821184
../input_images/omelette/7577.jpg,0.012485980987548828,Success,PID: 3204 | TID: 8758821184
../input_images/omelette/22850.jpg,0.012811899185180664,Success,PID: 3204 | TID: 8758821184
../input_images/omelette/84313.jpg,0.013128995895385742,Success,PID: 3204 | TID: 8758821184
../input_images/omelette/115682.jpg,0.01360774040222168,Success,PID: 3204 | TID: 8758821184
../input_images/omelette/68184.jpg,0.0122528076171875,Success,PID: 3204 | TID: 8758821184
../input_images/omelette/108599.jpg,0.012386083602905273,Success,PID: 3204 | TID: 8758821184
../input_images/omelette/143615.jpg,0.013141155242919922,Success,PID: 3204 | TID: 8758821184
../input_images/omelette/8093.jpg,0.012033700942993164,Success,PID: 3204 | TID: 8758821184
../input_images/omelette/17769.jpg,0.012691974639892578,Success,PID: 3204 | TID: 8758821184
../input_images/omelette/125.jpg,0.013315916061401367,Success,PID: 3204 | TID: 8758821184
../input_images/omelette/38978.jpg,0.012905120849609375,Success,PID: 3204 | TID: 8758821184
../input_images/omelette/47438.jpg,0.012473821640014648,Success,PID: 3204 | TID: 8758821184
../input_images/omelette/15381.jpg,0.0120849609375,Success,PID: 3204 | TID: 8758821184
../input_images/omelette/7566.jpg,0.013579130172729492,Success,PID: 3204 | TID: 8758821184
../input_images/omelette/29620.jpg,0.012884855270385742,Success,PID: 3204 | TID: 8758821184
../input_images/omelette/30947.jpg,0.012712955474853516,Success,PID: 3204 | TID: 8758821184
../input_images/omelette/71299.jpg,0.012978076934814453,Success,PID: 3204 | TID: 8758821184
../input_images/omelette/79767.jpg,0.013071775436401367,Success,PID: 3204 | TID: 8758821184
../input_images/omelette/119193.jpg,0.012680292129516602,Success,PID: 3204 | TID: 8758821184
../input_images/omelette/27780.jpg,0.013082027435302734,Success,PID: 3204 | TID: 8758821184
../input_images/omelette/5932.jpg,0.013261795043945312,Success,PID: 3204 | TID: 8758821184
../input_images/omelette/74078.jpg,0.012807130813598633,Success,PID: 3204 | TID: 8758821184
../input_images/omelette/31054.jpg,0.013318300247192383,Success,PID: 3204 | TID: 8758821184
../input_images/omelette/14149.jpg,0.012651920318603516,Success,PID: 3204 | TID: 8758821184
../input_images/omelette/52042.jpg,0.014647245407104492,Success,PID: 3204 | TID: 8758821184
../input_images/omelette/51210.jpg,0.013297080993652344,Success,PID: 3204 | TID: 8758821184
../input_images/hamburger/91789.jpg,0.013958930969238281,Success,PID: 3204 | TID: 8758821184
../input_images/hamburger/13211.jpg,0.012898921966552734,Success,PID: 3204 | TID: 8758821184
../input_images/hamburger/40675.jpg,0.013746976852416992,Success,PID: 3204 | TID: 8758821184
../input_images/hamburger/91602.jpg,0.012409210205078125,Success,PID: 3204 | TID: 8758821184
../input_images/hamburger/75550.jpg,0.013457298278808594,Success,PID: 3204 | TID: 8758821184
../input_images/hamburger/65141.jpg,0.014014959335327148,Success,PID: 3204 | TID: 8758821184
../input_images/hamburger/5052.jpg,0.012389898300170898,Success,PID: 3204 | TID: 8758821184
../input_images/hamburger/91566.jpg,0.012864828109741211,Success,PID: 3204 | TID: 8758821184
../input_images/hamburger/78997.jpg,0.014244794845581055,Success,PID: 3204 | TID: 8758821184
../input_images/hamburger/68979.jpg,0.012573003768920898,Success,PID: 3204 | TID: 8758821184
../input_images/hamburger/22723.jpg,0.013867855072021484,Success,PID: 3204 | TID: 8758821184
../input_images/hamburger/22093.jpg,0.01317286491394043,Success,PID: 3204 | TID: 8758821184
../input_images/hamburger/14657.jpg,0.012788057327270508,Success,PID: 3204 | TID: 8758821184
../input_images/hamburger/45547.jpg,0.013673067092895508,Success,PID: 3204 | TID: 8758821184
../input_images/hamburger/81707.jpg,0.012894868850708008,Success,PID: 3204 | TID: 8758821184
../input_images/hamburger/73340.jpg,0.012668848037719727,Success,PID: 3204 | TID: 8758821184
../input_images/hamburger/47595.jpg,0.013201713562011719,Success,PID: 3204 | TID: 8758821184
../input_images/hamburger/100057.jpg,0.013091087341308594,Success,PID: 3204 | TID: 8758821184
../input_images/hamburger/100719.jpg,0.013293981552124023,Success,PID: 3204 | TID: 8758821184
../input_images/hamburger/54507.jpg,0.01282811164855957,Success,PID: 3204 | TID: 8758821184
../input_images/hamburger/24753.jpg,0.012443065643310547,Success,PID: 3204 | TID: 8758821184
../input_images/hamburger/72111.jpg,0.012701749801635742,Success,PID: 3204 | TID: 8758821184
../input_images/hamburger/91710.jpg,0.014089822769165039,Success,PID: 3204 | TID: 8758821184
../input_images/hamburger/18518.jpg,0.012773752212524414,Success,PID: 3204 | TID: 8758821184
../input_images/hamburger/72266.jpg,0.01659703254699707,Success,PID: 3204 | TID: 8758821184
../input_images/hamburger/29455.jpg,0.013876914978027344,Success,PID: 3204 | TID: 8758821184
../input_images/hamburger/100930.jpg,0.0124359130859375,Success,PID: 3204 | TID: 8758821184
../input_images/hamburger/13641.jpg,0.012468814849853516,Success,PID: 3204 | TID: 8758821184
../input_images/hamburger/100517.jpg,0.012191295623779297,Success,PID: 3204 | TID: 8758821184
../input_images/hamburger/79711.jpg,0.013239145278930664,Success,PID: 3204 | TID: 8758821184
../input_images/hamburger/25250.jpg,0.011955022811889648,Success,PID: 3204 | TID: 8758821184
../input_images/hamburger/57610.jpg,0.012423038482666016,Success,PID: 3204 | TID: 8758821184
../input_images/hamburger/81732.jpg,0.012558698654174805,Success,PID: 3204 | TID: 8758821184
../input_images/hamburger/22923.jpg,0.01267099380493164,Success,PID: 3204 | TID: 8758821184
../input_images/hamburger/76817.jpg,0.012953758239746094,Success,PID: 3204 | TID: 8758821184
../input_images/hamburger/13915.jpg,0.013611078262329102,Success,PID: 3204 | TID: 8758821184
../input_images/hamburger/47846.jpg,0.01289224624633789,Success,PID: 3204 | TID: 8758821184
../input_images/hamburger/30012.jpg,0.013927936553955078,Success,PID: 3204 | TID: 8758821184
../input_images/hamburger/42335.jpg,0.012974977493286133,Success,PID: 3204 | TID: 8758821184
../input_images/hamburger/76858.jpg,0.011858224868774414,Success,PID: 3204 | TID: 8758821184
../input_images/hamburger/70019.jpg,0.012691020965576172,Success,PID: 3204 | TID: 8758821184
../input_images/hamburger/82314.jpg,0.012478113174438477,Success,PID: 3204 | TID: 8758821184
../input_images/hamburger/60794.jpg,0.012775897979736328,Success,PID: 3204 | TID: 8758821184
../input_images/hamburger/45064.jpg,0.01287984848022461,Success,PID: 3204 | TID: 8758821184
../input_images/hamburger/81813.jpg,0.012675046920776367,Success,PID: 3204 | TID: 8758821184
../input_images/hamburger/97917.jpg,0.012472152709960938,Success,PID: 3204 | TID: 8758821184
../input_images/hamburger/6432.jpg,0.013986825942993164,Success,PID: 3204 | TID: 8758821184
../input_images/hamburger/58431.jpg,0.012919902801513672,Success,PID: 3204 | TID: 8758821184
../input_images/hamburger/90115.jpg,0.011816024780273438,Success,PID: 3204 | TID: 8758821184
../input_images/hamburger/83196.jpg,0.01293802261352539,Success,PID: 3204 | TID: 8758821184
../input_images/baby_back_ribs/222607.jpg,0.013360023498535156,Success,PID: 3204 | TID: 8758821184
../input_images/baby_back_ribs/112032.jpg,0.012899637222290039,Success,PID: 3204 | TID: 8758821184
../input_images/baby_back_ribs/189367.jpg,0.011063098907470703,Success,PID: 3204 | TID: 8758821184
../input_images/baby_back_ribs/78713.jpg,0.014183759689331055,Success,PID: 3204 | TID: 8758821184
../input_images/baby_back_ribs/55326.jpg,0.012964725494384766,Success,PID: 3204 | TID: 8758821184
../input_images/baby_back_ribs/156707.jpg,0.013659954071044922,Success,PID: 3204 | TID: 8758821184
../input_images/baby_back_ribs/18596.jpg,0.011439085006713867,Success,PID: 3204 | TID: 8758821184
../input_images/baby_back_ribs/87739.jpg,0.012701988220214844,Success,PID: 3204 | TID: 8758821184
../input_images/baby_back_ribs/54203.jpg,0.011562108993530273,Success,PID: 3204 | TID: 8758821184
../input_images/baby_back_ribs/79780.jpg,0.013514041900634766,Success,PID: 3204 | TID: 8758821184
../input_images/baby_back_ribs/24726.jpg,0.01231527328491211,Success,PID: 3204 | TID: 8758821184
../input_images/baby_back_ribs/96180.jpg,0.013230085372924805,Success,PID: 3204 | TID: 8758821184
../input_images/baby_back_ribs/65208.jpg,0.011720895767211914,Success,PID: 3204 | TID: 8758821184
../input_images/baby_back_ribs/148270.jpg,0.01361703872680664,Success,PID: 3204 | TID: 8758821184
../input_images/baby_back_ribs/112142.jpg,0.01400303840637207,Success,PID: 3204 | TID: 8758821184
../input_images/baby_back_ribs/7557.jpg,0.013329744338989258,Success,PID: 3204 | TID: 8758821184
../input_images/baby_back_ribs/53898.jpg,0.012911796569824219,Success,PID: 3204 | TID: 8758821184
../input_images/baby_back_ribs/68204.jpg,0.012278079986572266,Success,PID: 3204 | TID: 8758821184
../input_images/baby_back_ribs/89565.jpg,0.012833118438720703,Success,PID: 3204 | TID: 8758821184
../input_images/baby_back_ribs/211120.jpg,0.013193845748901367,Success,PID: 3204 | TID: 8758821184
../input_images/baby_back_ribs/65686.jpg,0.013000965118408203,Success,PID: 3204 | TID: 8758821184
../input_images/baby_back_ribs/155690.jpg,0.014281034469604492,Success,PID: 3204 | TID: 8758821184
../input_images/baby_back_ribs/143583.jpg,0.014555215835571289,Success,PID: 3204 | TID: 8758821184
../input_images/baby_back_ribs/2432.jpg,0.015916109085083008,Success,PID: 3204 | TID: 8758821184
../input_images/baby_back_ribs/109256.jpg,0.025584936141967773,Success,PID: 3204 | TID: 8758821184
../input_images/baby_back_ribs/57607.jpg,0.013788938522338867,Success,PID: 3204 | TID: 8758821184
../input_images/baby_back_ribs/26834.jpg,0.012942075729370117,Success,PID: 3204 | TID: 8758821184
../input_images/baby_back_ribs/35719.jpg,0.014004945755004883,Success,PID: 3204 | TID: 8758821184
../input_images/baby_back_ribs/160194.jpg,0.013473033905029297,Success,PID: 3204 | TID: 8758821184
../input_images/baby_back_ribs/87031.jpg,0.014811992645263672,Success,PID: 3204 | TID: 8758821184
../input_images/baby_back_ribs/119255.jpg,0.014686107635498047,Success,PID: 3204 | TID: 8758821184
../input_images/baby_back_ribs/167990.jpg,0.015372991561889648,Success,PID: 3204 | TID: 8758821184
../input_images/baby_back_ribs/140335.jpg,0.01328277587890625,Success,PID: 3204 | TID: 8758821184
../input_images/baby_back_ribs/222130.jpg,0.013669252395629883,Success,PID: 3204 | TID: 8758821184
../input_images/baby_back_ribs/120576.jpg,0.012845039367675781,Success,PID: 3204 | TID: 8758821184
../input_images/baby_back_ribs/108211.jpg,0.012937068939208984,Success,PID: 3204 | TID: 8758821184
../input_images/baby_back_ribs/184567.jpg,0.014445781707763672,Success,PID: 3204 | TID: 8758821184
../input_images/baby_back_ribs/137626.jpg,0.014322042465209961,Success,PID: 3204 | TID: 8758821184
../input_images/baby_back_ribs/188943.jpg,0.013462066650390625,Success,PID: 3204 | TID: 8758821184
../input_images/baby_back_ribs/37492.jpg,0.012445926666259766,Success,PID: 3204 | TID: 8758821184
../input_images/baby_back_ribs/189917.jpg,0.013271093368530273,Success,PID: 3204 | TID: 8758821184
../input_images/baby_back_ribs/5712.jpg,0.013109922409057617,Success,PID: 3204 | TID: 8758821184
../input_images/baby_back_ribs/210253.jpg,0.013682365417480469,Success,PID: 3204 | TID: 8758821184
../input_images/baby_back_ribs/19325.jpg,0.012629032135009766,Success,PID: 3204 | TID: 8758821184
../input_images/baby_back_ribs/42451.jpg,0.011490821838378906,Success,PID: 3204 | TID: 8758821184
../input_images/baby_back_ribs/153883.jpg,0.012226104736328125,Success,PID: 3204 | TID: 8758821184
../input_images/baby_back_ribs/16366.jpg,0.013788938522338867,Success,PID: 3204 | TID: 8758821184
../input_images/baby_back_ribs/139044.jpg,0.01351022720336914,Success,PID: 3204 | TID: 8758821184
../input_images/baby_back_ribs/89493.jpg,0.01236581802368164,Success,PID: 3204 | TID: 8758821184
../input_images/baby_back_ribs/204183.jpg,0.01327824592590332,Success,PID: 3204 | TID: 8758821184
../input_images/pancakes/45057.jpg,0.013120174407958984,Success,PID: 3204 | TID: 8758821184
../input_images/pancakes/106087.jpg,0.012956857681274414,Success,PID: 3204 | TID: 8758821184
../input_images/pancakes/23449.jpg,0.016109228134155273,Success,PID: 3204 | TID: 8758821184
../input_images/pancakes/25992.jpg,0.01277780532836914,Success,PID: 3204 | TID: 8758821184
../input_images/pancakes/104519.jpg,0.012090921401977539,Success,PID: 3204 | TID: 8758821184
../input_images/pancakes/92527.jpg,0.01409912109375,Success,PID: 3204 | TID: 8758821184
../input_images/pancakes/85516.jpg,0.013191938400268555,Success,PID: 3204 | TID: 8758821184
../input_images/pancakes/49440.jpg,0.012566804885864258,Success,PID: 3204 | TID: 8758821184
../input_images/pancakes/31263.jpg,0.012342214584350586,Success,PID: 3204 | TID: 8758821184
../input_images/pancakes/83610.jpg,0.011709928512573242,Success,PID: 3204 | TID: 8758821184
../input_images/pancakes/92441.jpg,0.016240835189819336,Success,PID: 3204 | TID: 8758821184
../input_images/pancakes/50338.jpg,0.012107133865356445,Success,PID: 3204 | TID: 8758821184
../input_images/pancakes/68212.jpg,0.013226985931396484,Success,PID: 3204 | TID: 8758821184
../input_images/pancakes/75444.jpg,0.013575077056884766,Success,PID: 3204 | TID: 8758821184
../input_images/pancakes/112642.jpg,0.011924982070922852,Success,PID: 3204 | TID: 8758821184
../input_images/pancakes/90596.jpg,0.01248931884765625,Success,PID: 3204 | TID: 8758821184
../input_images/pancakes/47437.jpg,0.01271510124206543,Success,PID: 3204 | TID: 8758821184
../input_images/pancakes/69250.jpg,0.011658191680908203,Success,PID: 3204 | TID: 8758821184
../input_images/pancakes/9949.jpg,0.013228178024291992,Success,PID: 3204 | TID: 8758821184
../input_images/pancakes/76943.jpg,0.012501001358032227,Success,PID: 3204 | TID: 8758821184
../input_images/pancakes/75441.jpg,0.013289928436279297,Success,PID: 3204 | TID: 8758821184
../input_images/pancakes/56501.jpg,0.017641305923461914,Success,PID: 3204 | TID: 8758821184
../input_images/pancakes/77929.jpg,0.01434326171875,Success,PID: 3204 | TID: 8758821184
../input_images/pancakes/13285.jpg,0.012836933135986328,Success,PID: 3204 | TID: 8758821184
../input_images/pancakes/59990.jpg,0.017197608947753906,Success,PID: 3204 | TID: 8758821184
../input_images/pancakes/115278.jpg,0.013277053833007812,Success,PID: 3204 | TID: 8758821184
../input_images/pancakes/44091.jpg,0.013795852661132812,Success,PID: 3204 | TID: 8758821184
../input_images/pancakes/89431.jpg,0.012924909591674805,Success,PID: 3204 | TID: 8758821184
../input_images/pancakes/76828.jpg,0.013890266418457031,Success,PID: 3204 | TID: 8758821184
../input_images/pancakes/45158.jpg,0.011968135833740234,Success,PID: 3204 | TID: 8758821184
../input_images/pancakes/86107.jpg,0.012823104858398438,Success,PID: 3204 | TID: 8758821184
../input_images/pancakes/12564.jpg,0.04276394844055176,Success,PID: 3204 | TID: 8758821184
../input_images/pancakes/53205.jpg,0.018938779830932617,Success,PID: 3204 | TID: 8758821184
../input_images/pancakes/91756.jpg,0.012968063354492188,Success,PID: 3204 | TID: 8758821184
../input_images/pancakes/79573.jpg,0.013592720031738281,Success,PID: 3204 | TID: 8758821184
../input_images/pancakes/28661.jpg,0.013356924057006836,Success,PID: 3204 | TID: 8758821184
../input_images/pancakes/20613.jpg,0.013125181198120117,Success,PID: 3204 | TID: 8758821184
../input_images/pancakes/118104.jpg,0.012230873107910156,Success,PID: 3204 | TID: 8758821184
../input_images/pancakes/84956.jpg,0.012465238571166992,Success,PID: 3204 | TID: 8758821184
../input_images/pancakes/7498.jpg,0.013444662094116211,Success,PID: 3204 | TID: 8758821184
../input_images/pancakes/111124.jpg,0.012737035751342773,Success,PID: 3204 | TID: 8758821184
../input_images/pancakes/101450.jpg,0.013242006301879883,Success,PID: 3204 | TID: 8758821184
../input_images/pancakes/8231.jpg,0.012215137481689453,Success,PID: 3204 | TID: 8758821184
../input_images/pancakes/119800.jpg,0.018306970596313477,Success,PID: 3204 | TID: 8758821184
../input_images/pancakes/101644.jpg,0.013206958770751953,Success,PID: 3204 | TID: 8758821184
../input_images/pancakes/73265.jpg,0.012348175048828125,Success,PID: 3204 | TID: 8758821184
../input_images/pancakes/83395.jpg,0.013063907623291016,Success,PID: 3204 | TID: 8758821184
../input_images/pancakes/91418.jpg,0.012293815612792969,Success,PID: 3204 | TID: 8758821184
../input_images/pancakes/45113.jpg,0.013200998306274414,Success,PID: 3204 | TID: 8758821184
../input_images/pancakes/122315.jpg,0.013193130493164062,Success,PID: 3204 | TID: 8758821184
../input_images/dumplings/22350.jpg,0.013540029525756836,Success,PID: 3204 | TID: 8758821184
../input_images/dumplings/11823.jpg,0.013106346130371094,Success,PID: 3204 | TID: 8758821184
../input_images/dumplings/18393.jpg,0.013291120529174805,Success,PID: 3204 | TID: 8758821184
../input_images/dumplings/439.jpg,0.013893842697143555,Success,PID: 3204 | TID: 8758821184
../input_images/dumplings/34861.jpg,0.0126190185546875,Success,PID: 3204 | TID: 8758821184
../input_images/dumplings/9309.jpg,0.012446880340576172,Success,PID: 3204 | TID: 8758821184
../input_images/dumplings/29978.jpg,0.011980056762695312,Success,PID: 3204 | TID: 8758821184
../input_images/dumplings/62969.jpg,0.012464046478271484,Success,PID: 3204 | TID: 8758821184
../input_images/dumplings/35788.jpg,0.013116121292114258,Success,PID: 3204 | TID: 8758821184
../input_images/dumplings/6201.jpg,0.013377904891967773,Success,PID: 3204 | TID: 8758821184
../input_images/dumplings/35818.jpg,0.012224912643432617,Success,PID: 3204 | TID: 8758821184
../input_images/dumplings/8372.jpg,0.0127410888671875,Success,PID: 3204 | TID: 8758821184
../input_images/dumplings/59297.jpg,0.013252735137939453,Success,PID: 3204 | TID: 8758821184
../input_images/dumplings/14745.jpg,0.012238025665283203,Success,PID: 3204 | TID: 8758821184
../input_images/dumplings/14079.jpg,0.012718915939331055,Success,PID: 3204 | TID: 8758821184
../input_images/dumplings/10209.jpg,0.011805057525634766,Success,PID: 3204 | TID: 8758821184
../input_images/dumplings/711.jpg,0.013004064559936523,Success,PID: 3204 | TID: 8758821184
../input_images/dumplings/38553.jpg,0.012868165969848633,Success,PID: 3204 | TID: 8758821184
../input_images/dumplings/7421.jpg,0.01330709457397461,Success,PID: 3204 | TID: 8758821184
../input_images/dumplings/467.jpg,0.0139007568359375,Success,PID: 3204 | TID: 8758821184
../input_images/dumplings/10436.jpg,0.013115167617797852,Success,PID: 3204 | TID: 8758821184
../input_images/dumplings/59787.jpg,0.011944055557250977,Success,PID: 3204 | TID: 8758821184
../input_images/dumplings/16319.jpg,0.012472152709960938,Success,PID: 3204 | TID: 8758821184
../input_images/dumplings/28220.jpg,0.012459993362426758,Success,PID: 3204 | TID: 8758821184
../input_images/dumplings/10386.jpg,0.013204097747802734,Success,PID: 3204 | TID: 8758821184
../input_images/dumplings/31014.jpg,0.012729644775390625,Success,PID: 3204 | TID: 8758821184
../input_images/dumplings/7624.jpg,0.012764215469360352,Success,PID: 3204 | TID: 8758821184
../input_images/dumplings/39676.jpg,0.01271820068359375,Success,PID: 3204 | TID: 8758821184
../input_images/dumplings/2239.jpg,0.012264251708984375,Success,PID: 3204 | TID: 8758821184
../input_images/dumplings/23015.jpg,0.01318979263305664,Success,PID: 3204 | TID: 8758821184
../input_images/dumplings/2237.jpg,0.013660907745361328,Success,PID: 3204 | TID: 8758821184
../input_images/dumplings/54697.jpg,0.01257181167602539,Success,PID: 3204 | TID: 8758821184
../input_images/dumplings/53463.jpg,0.011509895324707031,Success,PID: 3204 | TID: 8758821184
../input_images/dumplings/35485.jpg,0.012729883193969727,Success,PID: 3204 | TID: 8758821184
../input_images/dumplings/65880.jpg,0.012687921524047852,Success,PID: 3204 | TID: 8758821184
../input_images/dumplings/44655.jpg,0.012624263763427734,Success,PID: 3204 | TID: 8758821184
../input_images/dumplings/443.jpg,0.013281106948852539,Success,PID: 3204 | TID: 8758821184
../input_images/dumplings/53470.jpg,0.011075258255004883,Success,PID: 3204 | TID: 8758821184
../input_images/dumplings/440.jpg,0.013386964797973633,Success,PID: 3204 | TID: 8758821184
../input_images/dumplings/33335.jpg,0.013917922973632812,Success,PID: 3204 | TID: 8758821184
../input_images/dumplings/31046.jpg,0.012686967849731445,Success,PID: 3204 | TID: 8758821184
../input_images/dumplings/432.jpg,0.013736963272094727,Success,PID: 3204 | TID: 8758821184
../input_images/dumplings/4545.jpg,0.014551162719726562,Success,PID: 3204 | TID: 8758821184
../input_images/dumplings/15535.jpg,0.013323068618774414,Success,PID: 3204 | TID: 8758821184
../input_images/dumplings/593.jpg,0.013661861419677734,Success,PID: 3204 | TID: 8758821184
../input_images/dumplings/55070.jpg,0.012869834899902344,Success,PID: 3204 | TID: 8758821184
../input_images/dumplings/9847.jpg,0.013107776641845703,Success,PID: 3204 | TID: 8758821184
../input_images/dumplings/34460.jpg,0.014082670211791992,Success,PID: 3204 | TID: 8758821184
../input_images/dumplings/2244.jpg,0.01365804672241211,Success,PID: 3204 | TID: 8758821184
../input_images/dumplings/64451.jpg,0.013234853744506836,Success,PID: 3204 | TID: 8758821184
../input_images/fried_rice/61692.jpg,0.015083074569702148,Success,PID: 3204 | TID: 8758821184
../input_images/fried_rice/139328.jpg,0.014685869216918945,Success,PID: 3204 | TID: 8758821184
../input_images/fried_rice/2908.jpg,0.014261960983276367,Success,PID: 3204 | TID: 8758821184
../input_images/fried_rice/157355.jpg,0.012769222259521484,Success,PID: 3204 | TID: 8758821184
../input_images/fried_rice/1391.jpg,0.014120340347290039,Success,PID: 3204 | TID: 8758821184
../input_images/fried_rice/73525.jpg,0.014117002487182617,Success,PID: 3204 | TID: 8758821184
../input_images/fried_rice/117028.jpg,0.013483047485351562,Success,PID: 3204 | TID: 8758821184
../input_images/fried_rice/127048.jpg,0.013633012771606445,Success,PID: 3204 | TID: 8758821184
../input_images/fried_rice/152819.jpg,0.013065099716186523,Success,PID: 3204 | TID: 8758821184
../input_images/fried_rice/15501.jpg,0.012747049331665039,Success,PID: 3204 | TID: 8758821184
../input_images/fried_rice/153082.jpg,0.014005899429321289,Success,PID: 3204 | TID: 8758821184
../input_images/fried_rice/125464.jpg,0.013705968856811523,Success,PID: 3204 | TID: 8758821184
../input_images/fried_rice/158328.jpg,0.013275146484375,Success,PID: 3204 | TID: 8758821184
../input_images/fried_rice/131995.jpg,0.014615774154663086,Success,PID: 3204 | TID: 8758821184
../input_images/fried_rice/156926.jpg,0.013195037841796875,Success,PID: 3204 | TID: 8758821184
../input_images/fried_rice/63081.jpg,0.012692928314208984,Success,PID: 3204 | TID: 8758821184
../input_images/fried_rice/51345.jpg,0.013892889022827148,Success,PID: 3204 | TID: 8758821184
../input_images/fried_rice/1084.jpg,0.01259303092956543,Success,PID: 3204 | TID: 8758821184
../input_images/fried_rice/64950.jpg,0.013026237487792969,Success,PID: 3204 | TID: 8758821184
../input_images/fried_rice/148404.jpg,0.012820959091186523,Success,PID: 3204 | TID: 8758821184
../input_images/fried_rice/59958.jpg,0.01289510726928711,Success,PID: 3204 | TID: 8758821184
../input_images/fried_rice/92791.jpg,0.013719797134399414,Success,PID: 3204 | TID: 8758821184
../input_images/fried_rice/92753.jpg,0.011971235275268555,Success,PID: 3204 | TID: 8758821184
../input_images/fried_rice/55344.jpg,0.012626171112060547,Success,PID: 3204 | TID: 8758821184
../input_images/fried_rice/12989.jpg,0.012397050857543945,Success,PID: 3204 | TID: 8758821184
../input_images/fried_rice/108226.jpg,0.014155149459838867,Success,PID: 3204 | TID: 8758821184
../input_images/fried_rice/64014.jpg,0.011605978012084961,Success,PID: 3204 | TID: 8758821184
../input_images/fried_rice/72138.jpg,0.013301849365234375,Success,PID: 3204 | TID: 8758821184
../input_images/fried_rice/86512.jpg,0.01310110092163086,Success,PID: 3204 | TID: 8758821184
../input_images/fried_rice/147104.jpg,0.012387990951538086,Success,PID: 3204 | TID: 8758821184
../input_images/fried_rice/119047.jpg,0.013520002365112305,Success,PID: 3204 | TID: 8758821184
../input_images/fried_rice/10605.jpg,0.013443231582641602,Success,PID: 3204 | TID: 8758821184
../input_images/fried_rice/41102.jpg,0.012652873992919922,Success,PID: 3204 | TID: 8758821184
../input_images/fried_rice/29094.jpg,0.011382102966308594,Success,PID: 3204 | TID: 8758821184
../input_images/fried_rice/114567.jpg,0.013648748397827148,Success,PID: 3204 | TID: 8758821184
../input_images/fried_rice/28981.jpg,0.01357412338256836,Success,PID: 3204 | TID: 8758821184
../input_images/fried_rice/59189.jpg,0.012266159057617188,Success,PID: 3204 | TID: 8758821184
../input_images/fried_rice/69248.jpg,0.01157689094543457,Success,PID: 3204 | TID: 8758821184
../input_images/fried_rice/51266.jpg,0.013697147369384766,Success,PID: 3204 | TID: 8758821184
../input_images/fried_rice/61401.jpg,0.012938976287841797,Success,PID: 3204 | TID: 8758821184
../input_images/fried_rice/135434.jpg,0.013422966003417969,Success,PID: 3204 | TID: 8758821184
../input_images/fried_rice/2608.jpg,0.015228986740112305,Success,PID: 3204 | TID: 8758821184
../input_images/fried_rice/68708.jpg,0.01328587532043457,Success,PID: 3204 | TID: 8758821184
../input_images/fried_rice/128946.jpg,0.013252973556518555,Success,PID: 3204 | TID: 8758821184
../input_images/fried_rice/61049.jpg,0.012915849685668945,Success,PID: 3204 | TID: 8758821184
../input_images/fried_rice/137130.jpg,0.012497901916503906,Success,PID: 3204 | TID: 8758821184
../input_images/fried_rice/49075.jpg,0.013486146926879883,Success,PID: 3204 | TID: 8758821184
../input_images/fried_rice/67830.jpg,0.013525962829589844,Success,PID: 3204 | TID: 8758821184
../input_images/fried_rice/76256.jpg,0.015084028244018555,Success,PID: 3204 | TID: 8758821184
../input_images/fried_rice/26845.jpg,0.012618064880371094,Success,PID: 3204 | TID: 8758821184
../input_images/oysters/83207.jpg,0.012745857238769531,Success,PID: 3204 | TID: 8758821184
../input_images/oysters/108651.jpg,0.012118101119995117,Success,PID: 3204 | TID: 8758821184
../input_images/oysters/33704.jpg,0.012726068496704102,Success,PID: 3204 | TID: 8758821184
../input_images/oysters/14634.jpg,0.013345956802368164,Success,PID: 3204 | TID: 8758821184
../input_images/oysters/69805.jpg,0.012716054916381836,Success,PID: 3204 | TID: 8758821184
../input_images/oysters/35376.jpg,0.014945030212402344,Success,PID: 3204 | TID: 8758821184
../input_images/oysters/23070.jpg,0.01213526725769043,Success,PID: 3204 | TID: 8758821184
../input_images/oysters/89248.jpg,0.012507915496826172,Success,PID: 3204 | TID: 8758821184
../input_images/oysters/13564.jpg,0.014210939407348633,Success,PID: 3204 | TID: 8758821184
../input_images/oysters/105575.jpg,0.013073921203613281,Success,PID: 3204 | TID: 8758821184
../input_images/oysters/66918.jpg,0.01281881332397461,Success,PID: 3204 | TID: 8758821184
../input_images/oysters/40049.jpg,0.012817859649658203,Success,PID: 3204 | TID: 8758821184
../input_images/oysters/97263.jpg,0.013074874877929688,Success,PID: 3204 | TID: 8758821184
../input_images/oysters/87267.jpg,0.01794719696044922,Success,PID: 3204 | TID: 8758821184
../input_images/oysters/64301.jpg,0.013651847839355469,Success,PID: 3204 | TID: 8758821184
../input_images/oysters/36447.jpg,0.012652158737182617,Success,PID: 3204 | TID: 8758821184
../input_images/oysters/52401.jpg,0.01304006576538086,Success,PID: 3204 | TID: 8758821184
../input_images/oysters/98268.jpg,0.014466047286987305,Success,PID: 3204 | TID: 8758821184
../input_images/oysters/34008.jpg,0.013041973114013672,Success,PID: 3204 | TID: 8758821184
../input_images/oysters/60854.jpg,0.013859033584594727,Success,PID: 3204 | TID: 8758821184
../input_images/oysters/39467.jpg,0.013428926467895508,Success,PID: 3204 | TID: 8758821184
../input_images/oysters/96451.jpg,0.014441967010498047,Success,PID: 3204 | TID: 8758821184
../input_images/oysters/38153.jpg,0.013345956802368164,Success,PID: 3204 | TID: 8758821184
../input_images/oysters/92031.jpg,0.012704849243164062,Success,PID: 3204 | TID: 8758821184
../input_images/oysters/107738.jpg,0.01312398910522461,Success,PID: 3204 | TID: 8758821184
../input_images/oysters/54856.jpg,0.011287927627563477,Success,PID: 3204 | TID: 8758821184
../input_images/oysters/46301.jpg,0.014100074768066406,Success,PID: 3204 | TID: 8758821184
../input_images/oysters/38422.jpg,0.01421499252319336,Success,PID: 3204 | TID: 8758821184
../input_images/oysters/6458.jpg,0.013812065124511719,Success,PID: 3204 | TID: 8758821184
../input_images/oysters/49554.jpg,0.01343393325805664,Success,PID: 3204 | TID: 8758821184
../input_images/oysters/99832.jpg,0.013049125671386719,Success,PID: 3204 | TID: 8758821184
../input_images/oysters/3523.jpg,0.011249065399169922,Success,PID: 3204 | TID: 8758821184
../input_images/oysters/3880.jpg,0.013461112976074219,Success,PID: 3204 | TID: 8758821184
../input_images/oysters/39849.jpg,0.016038179397583008,Success,PID: 3204 | TID: 8758821184
../input_images/oysters/103236.jpg,0.01654505729675293,Success,PID: 3204 | TID: 8758821184
../input_images/oysters/109874.jpg,0.011370182037353516,Success,PID: 3204 | TID: 8758821184
../input_images/oysters/6457.jpg,0.013234853744506836,Success,PID: 3204 | TID: 8758821184
../input_images/oysters/24629.jpg,0.013351917266845703,Success,PID: 3204 | TID: 8758821184
../input_images/oysters/59985.jpg,0.016447067260742188,Success,PID: 3204 | TID: 8758821184
../input_images/oysters/6450.jpg,0.013506889343261719,Success,PID: 3204 | TID: 8758821184
../input_images/oysters/98313.jpg,0.012323856353759766,Success,PID: 3204 | TID: 8758821184
../input_images/oysters/85587.jpg,0.014216184616088867,Success,PID: 3204 | TID: 8758821184
../input_images/oysters/11873.jpg,0.013430118560791016,Success,PID: 3204 | TID: 8758821184
../input_images/oysters/93643.jpg,0.01287698745727539,Success,PID: 3204 | TID: 8758821184
../input_images/oysters/73400.jpg,0.01332998275756836,Success,PID: 3204 | TID: 8758821184
../input_images/oysters/115486.jpg,0.013299942016601562,Success,PID: 3204 | TID: 8758821184
../input_images/oysters/35194.jpg,0.01265096664428711,Success,PID: 3204 | TID: 8758821184
../input_images/oysters/113865.jpg,0.013329029083251953,Success,PID: 3204 | TID: 8758821184
../input_images/oysters/56155.jpg,0.013107776641845703,Success,PID: 3204 | TID: 8758821184
../input_images/oysters/84239.jpg,0.014181137084960938,Success,PID: 3204 | TID: 8758821184
../input_images/onion_rings/15729.jpg,0.013700246810913086,Success,PID: 3204 | TID: 8758821184
../input_images/onion_rings/131732 copy.jpg,0.01391291618347168,Success,PID: 3204 | TID: 8758821184
../input_images/onion_rings/51208.jpg,0.01347208023071289,Success,PID: 3204 | TID: 8758821184
../input_images/onion_rings/57508.jpg,0.013589143753051758,Success,PID: 3204 | TID: 8758821184
../input_images/onion_rings/61737.jpg,0.01279306411743164,Success,PID: 3204 | TID: 8758821184
../input_images/onion_rings/32597.jpg,0.013029813766479492,Success,PID: 3204 | TID: 8758821184
../input_images/onion_rings/45047.jpg,0.013614177703857422,Success,PID: 3204 | TID: 8758821184
../input_images/onion_rings/71645.jpg,0.013103008270263672,Success,PID: 3204 | TID: 8758821184
../input_images/onion_rings/141436 copy.jpg,0.017985105514526367,Success,PID: 3204 | TID: 8758821184
../input_images/onion_rings/75146.jpg,0.013077974319458008,Success,PID: 3204 | TID: 8758821184
../input_images/onion_rings/82479.jpg,0.012961149215698242,Success,PID: 3204 | TID: 8758821184
../input_images/onion_rings/50766.jpg,0.013402223587036133,Success,PID: 3204 | TID: 8758821184
../input_images/onion_rings/1126.jpg,0.012232780456542969,Success,PID: 3204 | TID: 8758821184
../input_images/onion_rings/86863.jpg,0.013027191162109375,Success,PID: 3204 | TID: 8758821184
../input_images/onion_rings/27707.jpg,0.012188911437988281,Success,PID: 3204 | TID: 8758821184
../input_images/onion_rings/123878.jpg,0.014054059982299805,Success,PID: 3204 | TID: 8758821184
../input_images/onion_rings/127174.jpg,0.013044118881225586,Success,PID: 3204 | TID: 8758821184
../input_images/onion_rings/102531 copy.jpg,0.012428998947143555,Success,PID: 3204 | TID: 8758821184
../input_images/onion_rings/131668 copy.jpg,0.012230873107910156,Success,PID: 3204 | TID: 8758821184
../input_images/onion_rings/87362.jpg,0.012489080429077148,Success,PID: 3204 | TID: 8758821184
../input_images/onion_rings/135519 copy.jpg,0.012586116790771484,Success,PID: 3204 | TID: 8758821184
../input_images/onion_rings/84253.jpg,0.013550758361816406,Success,PID: 3204 | TID: 8758821184
../input_images/onion_rings/38345.jpg,0.01312875747680664,Success,PID: 3204 | TID: 8758821184
../input_images/onion_rings/95986.jpg,0.01430201530456543,Success,PID: 3204 | TID: 8758821184
../input_images/onion_rings/61621 copy.jpg,0.013183116912841797,Success,PID: 3204 | TID: 8758821184
../input_images/onion_rings/68177.jpg,0.014164924621582031,Success,PID: 3204 | TID: 8758821184
../input_images/onion_rings/63624.jpg,0.012773275375366211,Success,PID: 3204 | TID: 8758821184
../input_images/onion_rings/80540.jpg,0.013090133666992188,Success,PID: 3204 | TID: 8758821184
../input_images/onion_rings/85376.jpg,0.012387990951538086,Success,PID: 3204 | TID: 8758821184
../input_images/onion_rings/141436 copy 2.jpg,0.01807379722595215,Success,PID: 3204 | TID: 8758821184
../input_images/onion_rings/113781.jpg,0.012122154235839844,Success,PID: 3204 | TID: 8758821184
../input_images/onion_rings/77500.jpg,0.012827157974243164,Success,PID: 3204 | TID: 8758821184
../input_images/onion_rings/138101.jpg,0.013673782348632812,Success,PID: 3204 | TID: 8758821184
../input_images/onion_rings/93684.jpg,0.0138702392578125,Success,PID: 3204 | TID: 8758821184
../input_images/onion_rings/131668.jpg,0.012167215347290039,Success,PID: 3204 | TID: 8758821184
../input_images/onion_rings/113634.jpg,0.013310909271240234,Success,PID: 3204 | TID: 8758821184
../input_images/onion_rings/96707.jpg,0.01288604736328125,Success,PID: 3204 | TID: 8758821184
../input_images/onion_rings/138101 copy.jpg,0.013670921325683594,Success,PID: 3204 | TID: 8758821184
../input_images/onion_rings/117535.jpg,0.013949871063232422,Success,PID: 3204 | TID: 8758821184
../input_images/onion_rings/134993 copy.jpg,0.013800859451293945,Success,PID: 3204 | TID: 8758821184
../input_images/onion_rings/131732.jpg,0.012989044189453125,Success,PID: 3204 | TID: 8758821184
../input_images/onion_rings/74527.jpg,0.013303995132446289,Success,PID: 3204 | TID: 8758821184
../input_images/onion_rings/70557.jpg,0.012096881866455078,Success,PID: 3204 | TID: 8758821184
../input_images/onion_rings/85913.jpg,0.013432025909423828,Success,PID: 3204 | TID: 8758821184
../input_images/onion_rings/135519.jpg,0.012337923049926758,Success,PID: 3204 | TID: 8758821184
../input_images/onion_rings/98200.jpg,0.018737077713012695,Success,PID: 3204 | TID: 8758821184
../input_images/onion_rings/83998.jpg,0.01384115219116211,Success,PID: 3204 | TID: 8758821184
../input_images/onion_rings/28869.jpg,0.013235092163085938,Success,PID: 3204 | TID: 8758821184
../input_images/onion_rings/83644 copy.jpg,0.01277780532836914,Success,PID: 3204 | TID: 8758821184
../input_images/onion_rings/134993.jpg,0.013094186782836914,Success,PID: 3204 | TID: 8758821184
